code,city
AF,Herat
AF,Kabul
AF,Mazar-e Sharif
AL,Korce
AL,Tirane
DZ,Algiers
DZ,Annaba
DZ,Mascara
DZ,Oran
DZ,Ouled Djellal
DZ,Skikda
AS,Pago Pago
AD,Andorra La Vella
AD,Escaldes
AO,Benguela
AO,Luanda
AO,Lubango
AO,Sumbe
AI,The Valley
AG,Falmouth
AG,Saint Johns
AR,Bahia Blanca
AR,Bariloche
AR,Berazategui
AR,Buenos Aires
AR,Caseros
AR,Castelar
AR,Ceres
AR,Chacabuco
AR,Cipolletti
AR,Concordia
AR,Cordoba
AR,Corrientes
AR,Crespo
AR,Ezeiza
AR,General Roca
AR,Gualeguaychu
AR,Haedo
AR,Jose Leon Suarez
AR,La Plata
AR,Lomas De Zamora
AR,Luján de Cuyo
AR,Malargüe
AR,Mar del Plata
AR,Marcos Juárez
AR,Mendoza
AR,Miramar
AR,Neuquen
AR,Parana
AR,Paso de los Libres
AR,Pinamar
AR,Puerto Madryn
AR,Ramos Mejia
AR,Reconquista
AR,Resistencia
AR,Rio Cuarto
AR,Rio Tercero
AR,Rosario
AR,Salta
AR,Salto
AR,San Clemente del Tuyu
AR,San Isidro
AR,San Juan
AR,San Martin
AR,San Miguel de Tucuman
AR,San Rafael
AR,Santa Fe
AR,Santa Rosa
AR,Santiago del Estero
AR,Suardi
AR,Trelew
AR,Tres Arroyos
AR,Turdera
AR,Ushuaia
AR,Villa María
AM,Gyumri
AM,Spitak
AM,Vanadzor
AM,Yerevan
AW,Oranjestad
AU,Adelaide
AU,Albany
AU,Albury
AU,Alice Springs
AU,Armadale
AU,Armidale
AU,Ascot Vale
AU,Bacchus Marsh
AU,Bairnsdale
AU,Ballarat
AU,Ballina
AU,Bankstown
AU,Batemans Bay
AU,Bathurst
AU,Bayswater
AU,Beachport
AU,Bega
AU,Bendigo
AU,Berwick
AU,Birdsville
AU,Blacktown
AU,Blue Mountain
AU,Bombala
AU,Bondi
AU,Boolarra
AU,Boulia
AU,Bourke
AU,Bowen
AU,Bowral
AU,Bright
AU,Brighton
AU,Brisbane
AU,Broken Hill
AU,Broome
AU,Bunbury
AU,Bundaberg
AU,Burnie
AU,Burpengary
AU,Burwood
AU,Byron Bay
AU,Caboolture
AU,Cairns
AU,Caloundra
AU,Camden
AU,Campbell Town
AU,Campbelltown
AU,Canberra
AU,Cape Otway
AU,Carnarvon
AU,Castlemaine
AU,Cessnock
AU,Charleville
AU,Chelsea
AU,Cheltenham
AU,Claremont
AU,Cobar
AU,Cobram
AU,Coffs Harbour
AU,Cooktown
AU,Cooma
AU,Cootamundra
AU,Croydon
AU,Cunnamulla
AU,Dandenong
AU,Darwin
AU,Deer Park
AU,Derby
AU,Devonport
AU,Diamond Creek
AU,Dongara
AU,Dubbo
AU,Dural
AU,Echuca
AU,Elizabeth
AU,Eltham
AU,Emerald
AU,Esperance
AU,Exmouth
AU,Fairlight
AU,Fitzroy Crossing
AU,Frankston
AU,Fremantle
AU,Geelong
AU,George Town
AU,Geraldton
AU,Gladstone
AU,Glenorchy
AU,Gold Coast
AU,Goondiwindi
AU,Gosford
AU,Goulburn
AU,Grafton
AU,Griffin
AU,Griffith
AU,Gympie
AU,Halls Creek
AU,Hamilton
AU,Harvey
AU,Hawthorn
AU,Hobart
AU,Horsham
AU,Hurstbridge
AU,Hurstville
AU,Ingham
AU,Inverell
AU,Ipswich
AU,Kalgoorlie
AU,Karratha
AU,Katherine
AU,Katoomba
AU,Kempsey
AU,Kingaroy
AU,Kununurra
AU,Lake Haven
AU,Launceston
AU,Lidcombe
AU,Lightning Ridge
AU,Lismore
AU,Lithgow
AU,Liverpool
AU,Longreach
AU,Loxton
AU,Mackay
AU,Maitland
AU,Maleny
AU,Mandurah
AU,Manjimup
AU,Manly
AU,Margaret River
AU,Maroochydore
AU,Maryborough
AU,Melbourne
AU,Mildura
AU,Millicent
AU,Moe
AU,Mona Vale
AU,Mooroolbark
AU,Mornington
AU,Morwell
AU,Mount Gambier
AU,Mount Isa
AU,Mudgee
AU,Mungindi
AU,Murray Bridge
AU,Murwillumbah
AU,Nambour
AU,Narrabri
AU,Narre Warren
AU,Nelson Bay
AU,Newcastle
AU,Newman
AU,Newstead
AU,Noble Park
AU,Noosa
AU,Northcote
AU,Nowra
AU,Nunawading
AU,Oberon
AU,Oodnadatta
AU,Orange
AU,Padstow
AU,Parramatta
AU,Penguin
AU,Penrith
AU,Perth
AU,Port Hedland
AU,Port Macquarie
AU,Portland
AU,Prahran
AU,Preston
AU,Pyrmont
AU,Queanbeyan
AU,Red Cliffs
AU,Redcliffe
AU,Reynella
AU,Richmond
AU,Rockhampton
AU,Rockingham
AU,Roma
AU,Rosebery
AU,Sale
AU,Shark Bay
AU,Shepparton
AU,Sorrento
AU,South Yarra
AU,Southport
AU,Springwood
AU,Srtoud
AU,Stanthorpe
AU,Strahan
AU,Sunbury
AU,Sunshine
AU,Surry Hills
AU,Sutherland
AU,Swan Hill
AU,Sydney
AU,Tamworth
AU,Tennant Creek
AU,Tingha
AU,Toowoomba
AU,Torquay
AU,Townsville
AU,Traralgon
AU,Tweed Heads
AU,Ulladulla
AU,Wagga Wagga
AU,Wangaratta
AU,Warringa
AU,Warrnambool
AU,Wauchope
AU,Wee Jasper
AU,West Wyalong
AU,Whyalla
AU,Williamstown
AU,Wilsons Promontory
AU,Windorah
AU,Windsor
AU,Wodonga
AU,Wollongong
AU,Woombye
AU,Woomera
AU,Woronora Heights
AU,Wynyard
AU,Wyong
AU,Yass
AU,York
AU,Yorketown
AU,Young
AU,Zeehan
AT,Abtenau
AT,Bad Hall
AT,Bad Vöslau
AT,Baden
AT,Bodensdorf
AT,Bregenz
AT,Döbriach
AT,Dornbirn
AT,Ebreichsdorf
AT,Eisenstadt
AT,Feldkirchen
AT,Gänserndorf
AT,Götzis
AT,Grafenbach
AT,Graz
AT,Güssing
AT,Hagenberg
AT,Hohenems
AT,Innsbruck
AT,Jochberg
AT,Kindberg
AT,Kitzbuhel
AT,Klagenfurt
AT,Klosterneuburg
AT,Korneuburg
AT,Kremsmünster
AT,Leoben
AT,Lilienfeld
AT,Linz
AT,Mödling
AT,Mürzzuschlag
AT,Neudörfl
AT,Neulengbach
AT,Pinkafeld
AT,Retz
AT,Reutte
AT,Rosental
AT,Salzburg
AT,Sankt Johann im Pongau
AT,Sankt Pölten
AT,Solden
AT,Stegersbach
AT,Steyr
AT,Tamsweg
AT,Vienna
AT,Villach
AT,Wels
AT,Wien
AT,Wiener Neustadt
AT,Wieselburg
AT,Wörgl
AT,Zell am See
AT,Zirl
AT,Zwettl
AZ,Baku
BS,Abraham's Bay
BS,Behring Point
BS,Cockburn Town
BS,Colonel Hill
BS,Cooper's Town
BS,Freeport
BS,Freetown
BS,Fresh Creek
BS,Georgetown
BS,Marsh Harbour
BS,Matthew Town
BS,Nassau City
BS,Nassau
BS,Old Bight
BS,Port Nelson
BS,Rock Sound
BS,San Andros
BS,Sandy Point
BS,Snug Corner
BH,Al Manamah
BH,Ar Rifa
BH,Awali
BH,Isa Town
BH,Jasra
BH,Manama
BH,Muharraq
BD,Comilla
BD,Dhaka
BD,Khulna
BD,Rajshahi
BD,Saginaw
BB,Bridgetown
BB,Christchurch
BB,Speightstown
BB,Warrens
BY,Brest
BY,Mahilyow
BY,Minsk
BY,Molodechno
BE,Aalst
BE,Aarschot
BE,Antwerp
BE,Arendonk
BE,Arlon
BE,Belsele
BE,Berlaar
BE,Binche
BE,Boortmeerbeek
BE,Bornem
BE,Braine-Le-Comte
BE,Bree
BE,Brugge
BE,Brussels
BE,Charleroi
BE,Ciney
BE,Dendermonde
BE,Diest
BE,Diksmuide
BE,Dilbeek
BE,Dilsen
BE,Eupen
BE,Frameries
BE,Gavere
BE,Geel
BE,Genappe
BE,Genk
BE,Gent
BE,Gentbrugge
BE,Grez-Doiceau
BE,Grimbergen
BE,Halanzy
BE,Harelbeke
BE,Hasselt
BE,Heist-op-den-Berg
BE,Hennuyeres
BE,Herentals
BE,Holland
BE,Huy
BE,Izegem
BE,Jodoigne
BE,Keerbergen
BE,Kinrooi
BE,Knokke-Heist
BE,Koningslo
BE,Kortrijk
BE,La Louvière
BE,Lanaken
BE,Landen
BE,Leuven
BE,Liege
BE,Lierre
BE,Lochristi
BE,Lokeren
BE,Maaseik
BE,Maldegem
BE,Malines
BE,Marche-En-Famenne
BE,Mechelen
BE,Merelbeke
BE,Meulebeke
BE,Middelkerke
BE,Mons
BE,Mortsel
BE,Namur
BE,Ninove
BE,Nivelles
BE,Ostend
BE,Ottignies
BE,Oudenaarde
BE,Overijse
BE,Peer
BE,Péruwelz
BE,Pittem
BE,Puurs
BE,Reet
BE,Rhisnes
BE,Sint-Margriete-Houtem
BE,Sint-Niklaas
BE,Sint-Truiden
BE,Soignies
BE,Sombreffe
BE,Tienen
BE,Tongeren
BE,Tournai
BE,Turnhout
BE,Verviers
BE,Veurne
BE,Vilvoorde
BE,Waregem
BE,Waterloo
BE,Wavre
BE,Westmalle
BE,Woluwe-Saint-Lambert
BE,Woluwe-Saint-Pierre
BE,Zottegem
BZ,Belize City
BZ,Belize
BZ,Belmopan
BZ,Orange Walk
BZ,Punta Gorda
BZ,San Ignacio
BJ,Cotonou
BJ,Natitingou
BJ,Porto-Novo
BM,Hamilton
BM,Saint George
BM,Somerset
BO,Aiquile
BO,Apolo
BO,Atocha
BO,Bermejo
BO,Caracollo
BO,Charaña
BO,Chimore
BO,Chulumani
BO,Cochabamba
BO,Corioco
BO,Cotoca
BO,Guayaramerin
BO,La Paz
BO,Lagunillas
BO,Machacamarca
BO,Mizque
BO,Oruro
BO,Portachuelo
BO,Potosi
BO,Puerto Grether
BO,Puerto Patino
BO,Puerto Villarroel
BO,Punata
BO,Riberalta
BO,San Borja
BO,San Jose de Chiquitos
BO,Santa Ana
BO,Santa Cruz
BO,Santa Rosa del Sara
BO,Sucre
BO,Tarija
BO,Trinidad
BO,Tupiza
BO,Uyuni
BO,Villazon
BO,Vinto
BO,Yacuiba
BO,Yolosa
BA,Banja Luka
BA,Bijeljina
BA,Brcko
BA,Bugojno
BA,Fojnica
BA,Gorazde
BA,Gradiska
BA,Livno
BA,Mostar
BA,Sarajevo
BA,Tuzla
BW,Gaborone
BR,Aguas de Lindóia
BR,Aracaju
BR,Araçatuba
BR,Araraquara
BR,Bage
BR,Barbacena
BR,Barra do Corda
BR,Barreiras
BR,Bauru
BR,Belém
BR,Belo Horizonte
BR,Bertioga
BR,Boa Vista
BR,Bragança Paulista
BR,Brasília
BR,Campina Grande
BR,Campinas
BR,Campo Grande
BR,Campos do Jordão
BR,Caravelas
BR,Cascavel
BR,Catalão
BR,Caxias do Sul
BR,Criciúma
BR,Cubatão
BR,Cuiaba
BR,Curitiba
BR,Diadema
BR,Divinópolis
BR,Florianópolis
BR,Fortaleza
BR,Foz do Iguaçu
BR,Garanhuns
BR,Goiânia
BR,Guara
BR,Guararema
BR,Guaratingueta
BR,Guaruja
BR,Ibirite
BR,Ilhéus
BR,Itamaraca
BR,Itamogi
BR,Itanhaém
BR,Itapetinga
BR,Itatiba
BR,João Pessoa
BR,Joinville
BR,Juiz de For a
BR,Jundiai
BR,Limeira
BR,Londrina
BR,Macapa
BR,Maceio
BR,Manáus
BR,Maringa
BR,Mirassol
BR,Mongagua
BR,Montenegro
BR,Natal
BR,Nepomuceno
BR,Niterói
BR,Nova Iguaçu
BR,Nova Lima
BR,Osasco
BR,Palmas
BR,Parnaíba
BR,Passo Fundo
BR,Pelotas
BR,Peruíbe
BR,Petrópolis
BR,Piracicaba
BR,Pirapora
BR,Pirassununga
BR,Planaltina
BR,Porto Alegre
BR,Porto Nacional
BR,Porto Seguro
BR,Porto Velho
BR,Praia Grande
BR,Recife
BR,Ribeirão Pires
BR,Ribeirão Preto
BR,Rio Branco
BR,Rio de Janeiro
BR,Salvador
BR,Santa Cruz do Sul
BR,Santa Cruz
BR,Santarém
BR,Santo Andre
BR,Santo Ângelo
BR,Santos
BR,São Bernardo do Campo
BR,São Caetano do Sul
BR,São Carlos
BR,São Gonçalo
BR,São José do Rio Preto
BR,São José dos Campos
BR,São José dos Pinhais
BR,São Leopoldo
BR,São Luís
BR,Sao Miguel dos Campos
BR,São Paulo
BR,São Sebastião do Paraíso
BR,São Sebastião
BR,São Vicente
BR,Sete Lagoas
BR,Sobral
BR,Sorocaba
BR,Tangará da Serra
BR,Taquarituba
BR,Taubate
BR,Teresina
BR,Teresópolis
BR,Trancoso
BR,Tremembe
BR,Três Coroas
BR,Três Lagoas
BR,Uberaba
BR,Uberlândia
BR,União da Vitória
BR,Valinhos
BR,Viçosa
BR,Vitória
BR,Volta Redonda
VG,Road Town
BG,Balchik
BG,Blagoevgrad
BG,Burgas
BG,Kazanlak
BG,Plovdiv
BG,Ruse
BG,Silistra
BG,Sliven
BG,Smolyan
BG,Sofia
BG,Troyan
BG,Varna
BF,Bousse
BF,Ouagadougou
BF,Ouahigouya
BF,Yako
MM,Moulmein
MM,Taunggyi
MM,Yangon
BI,Bujumbura
KH,Battambang
KH,Kampong Cham
KH,Kampong Thom
KH,Kampot
KH,Kandal
KH,Kratie
KH,Phnom Penh
KH,Prey Veng
KH,Pursat
KH,Siem Reap
KH,Stung Treng
KH,Svay Rieng
KH,Takeo
CM,Douala
CM,Limbe
CM,Mankon Bamenda
CM,Yaounde
CA,Abbotsford
CA,Acton Vale
CA,Airdrie
CA,Ajax
CA,Aldergrove
CA,Alert
CA,Alida
CA,Alliston
CA,Altona
CA,Amherst
CA,Amherstburg
CA,Amqui
CA,Antigonish
CA,Antrim
CA,Arctic Bay
CA,Armstrong
CA,Arnprior
CA,Atlin
CA,Aurora
CA,Aylmer
CA,Bagotville
CA,Baie Du Febvre
CA,Baie-Comeau
CA,Baltimore
CA,Bancroft
CA,Banff
CA,Barrhead
CA,Barrie
CA,Bathurst
CA,Bayfield
CA,Beamsville
CA,Beaumont
CA,Beausejour
CA,Beaver Creek
CA,Beaverlodge
CA,Beaverton
CA,Becancour
CA,Bedford
CA,Bellefeuille
CA,Belleville
CA,Black Creek
CA,Blenheim
CA,Bloodvein
CA,Boucherville
CA,Bowmanville
CA,Bracebridge
CA,Bradford
CA,Brampton
CA,Brandon
CA,Brantford
CA,Bridgewater
CA,Brighton
CA,Brockville
CA,Brooks
CA,Brossard
CA,Brownlee
CA,Brussels
CA,Buckingham
CA,Burk's Falls
CA,Burlington
CA,Burnaby
CA,Burwash
CA,Busby
CA,Calabogie
CA,Caledon
CA,Calgary
CA,Cambridge Bay
CA,Cambridge
CA,Campbell River
CA,Campbellford
CA,Campbellton
CA,Camrose
CA,Candiac
CA,Canmore
CA,Cantley
CA,Cap-Rouge
CA,Cap-de-la-Madeleine
CA,Carbonear
CA,Carcross
CA,Cardston
CA,Carleton Place
CA,Carmacks
CA,Caronport
CA,Casselman
CA,Castlegar
CA,Charlottetown
CA,Chateauguay
CA,Chatham
CA,Chelmsford
CA,Chemainus
CA,Chesley
CA,Chetwynd
CA,Chibougamau
CA,Chicoutimi
CA,Chilliwack
CA,Churchill
CA,Coaldale
CA,Cobalt
CA,Cobble Hill
CA,Coboconk
CA,Cobourg
CA,Cochrane
CA,Cold Lake
CA,Collingwood
CA,Comber
CA,Comox
CA,Coquitlam
CA,Corner Brook
CA,Cornwall
CA,Coronation
CA,Courtenay
CA,Courtice
CA,Cowansville
CA,Cranbrook
CA,Creston
CA,Crofton
CA,Crowsnest Pass
CA,Cumberland
CA,Dalhousie
CA,Dartmouth
CA,Dauphin
CA,Dawson City
CA,Dawson Creek
CA,Deep River
CA,Deer Lake
CA,Delta
CA,Deseronto
CA,Digby
CA,Dolbeau
CA,Dollard-des-Ormeaux
CA,Dorchester
CA,Dorset
CA,Drayton Valley
CA,Drummondville
CA,Dryden
CA,Duncan
CA,Dundalk
CA,Dundas
CA,Dunnville
CA,Dunrobin
CA,Durham
CA,Eagle Bay
CA,Edmonton
CA,Edmundston
CA,Edson
CA,Edys Mills
CA,Eganville
CA,Elliot lake
CA,Elora
CA,Enderby
CA,Englehart
CA,Entrelacs
CA,Espanola
CA,Estevan
CA,Ethel
CA,Etobicoke
CA,Exeter
CA,Faro
CA,Fergus
CA,Fernie
CA,Fisher River
CA,Flin Flon
CA,Florenceville
CA,Fort Chipeyan
CA,Fort Erie
CA,Fort Frances
CA,Fort Macleod
CA,Fort McMurray
CA,Fort Nelson
CA,Fort Saskatchewan
CA,Fort Smith
CA,Fort St John
CA,Fox Creek
CA,Fredericton
CA,Gabriola
CA,Gananoque
CA,Gander
CA,Ganges
CA,Gaspe
CA,Gatineau
CA,Georgetown
CA,Georgina
CA,Gibsons
CA,Glace Bay
CA,Gloucester
CA,Goderich
CA,Golden
CA,Goose Bay
CA,Granby
CA,Grand Bend
CA,Grand Falls
CA,Grand Falls-Windsor
CA,Grand Forks
CA,Grande Prairie
CA,Greenfield Park
CA,Grimsby
CA,Grimshaw
CA,Grunthal
CA,Guelph
CA,Haliburton
CA,Halifax
CA,Hall Beach
CA,Hamilton
CA,Hanna
CA,Happy Valley-Goose Bay
CA,Harrowsmith
CA,Havelock
CA,Hawkesbury
CA,Hay River
CA,Hearst
CA,Heriot Bay
CA,High Level
CA,Hinton
CA,Hope
CA,Hull
CA,Humboldt
CA,Huntsville
CA,Iberville
CA,Ingersoll
CA,Ingonish
CA,Inuvik
CA,Iqaluit
CA,Iroquois Falls
CA,Island Lake
CA,Jasper
CA,Joliette
CA,Jonquiere
CA,Kamloops
CA,Kananaskis
CA,Kanata
CA,Kapuskasing
CA,Keene
CA,Kelowna
CA,Kemptville
CA,Kenora
CA,Kensington
CA,Kentville
CA,Keswick
CA,Killarney
CA,Kincardine
CA,Kindersley
CA,Kingston
CA,Kingsville
CA,Kirkland Lake
CA,Kitchener
CA,Kitimat
CA,Kuujjuaq
CA,La Baie
CA,La Crete
CA,La Pocatiere
CA,La Salle
CA,La Sarre
CA,La Tuque
CA,Labrador City
CA,Lac La Biche
CA,Lac-Mégantic
CA,Lachine
CA,Lacombe
CA,Lake Louise
CA,Lancaster
CA,Langley
CA,Laval
CA,Leader
CA,Leamington
CA,Lebel-sur-Quevillon
CA,Leduc
CA,Legal
CA,Lennoxville
CA,Les Méchins
CA,Lethbridge
CA,Lévis
CA,Lillooet
CA,Lindsay
CA,Listowel
CA,Lively
CA,Lloydminster
CA,London
CA,Longueuil
CA,Lower Sackville
CA,Lumby
CA,Lynn Lake
CA,Macamic
CA,Mackey
CA,Madoc
CA,Maniwaki
CA,Maple Ridge
CA,Marathon
CA,Markham
CA,Markstay
CA,Masson
CA,Matane
CA,Mattawa
CA,Mayo
CA,McBride
CA,Meadow Lake
CA,Medicine Hat
CA,Melville
CA,Merritt
CA,Merville
CA,Midland
CA,Milton
CA,Minnedosa
CA,Miramichi
CA,Mission
CA,Mississauga
CA,Moncton
CA,Mont-Joli
CA,Mont-Saint-Hilaire
CA,Mont-laurier
CA,Montmagny
CA,Montreal
CA,Moose Jaw
CA,Moosonee
CA,Morinville
CA,Mount Pearl
CA,Nanaimo
CA,Nanticoke
CA,Neilburg
CA,Nelson
CA,Nepean
CA,Nestor Falls
CA,New Glasgow
CA,New Liskeard
CA,New Maryland
CA,New Minas
CA,New Waterford
CA,New Westminster
CA,Newcastle
CA,Newmarket
CA,Niagara Falls
CA,Norquay
CA,North Battleford
CA,North Bay
CA,North Delta
CA,North Vancouver
CA,North York
CA,Novar
CA,Oakville
CA,Odanak
CA,Ohsweken
CA,Okanagan Falls
CA,Old Crow
CA,Olds
CA,Oliver
CA,Orangeville
CA,Orillia
CA,Orleans
CA,Ormstown
CA,Oromocto
CA,Oshawa
CA,Osoyoos
CA,Ottawa
CA,Owen Sound
CA,Paradise
CA,Paris
CA,Parkhill
CA,Parksville
CA,Parry Sound
CA,Peace River
CA,Pemberton
CA,Pembroke
CA,Penticton
CA,Perth
CA,Perth-Andover
CA,Peterborough
CA,Petitcodiac
CA,Petrolia
CA,Pickering
CA,Picton
CA,Pierrefonds
CA,Pierreville
CA,Pilot Mound
CA,Plumas
CA,Pointe-Au-Pere
CA,Ponoka
CA,Port Alberni
CA,Port Colborne
CA,Port Dover
CA,Port Elgin
CA,Port Hardy
CA,Port Hawksbury
CA,Port Hope
CA,Port Moody
CA,Port Perry
CA,Port Simpson
CA,Port Stanley
CA,Portage
CA,Portuguese Cove
CA,Powassan
CA,Powell River
CA,Prescott
CA,Prevost
CA,Prince Albert
CA,Prince George
CA,Prince Rupert
CA,Princeton
CA,Qu'Appelle
CA,Qualicum Beach
CA,Quebec
CA,Quesnel
CA,Quispamsis
CA,Rankin Inlet
CA,Red Deer
CA,Regina
CA,Renfrew
CA,Revelstoke
CA,Rexdale
CA,Richibucto
CA,Richmond Hill
CA,Richmond
CA,Rimouski
CA,Riverview
CA,Riviere-du-Loup
CA,Rocky Mountain House
CA,Ross River
CA,Rothesay
CA,Rouyn-Noranda
CA,Saanichton
CA,Sackville
CA,Saint Albert
CA,Saint Jean sur Richelieu
CA,Saint Joachim
CA,Saint John
CA,Saint Marys
CA,Saint Paul
CA,Saint Stephen
CA,Saint Thomas
CA,Saint-Basile
CA,Saint-Casimir
CA,Saint-Donat-de-Montcalm
CA,Saint-Eustache
CA,Saint-Hippolyte-de-Kilkenny
CA,Saint-Hubert
CA,Saint-Jérôme
CA,Saint-Joseph-de-Sorel
CA,Saint-Jovite
CA,Saint-Jude
CA,Saint-Lambert
CA,Saint-Laurent
CA,Saint-Lazare
CA,Saint-Louis
CA,Saint-Marcel
CA,Saint-Ours
CA,Saint-Pascal
CA,Saint-Rémi
CA,Saint-Robert
CA,Sainte-Foy
CA,Sainte-Julie
CA,Sainte-Victoire
CA,Salaberry-de-valleyfield
CA,Salmon Arm
CA,Salt Spring Island
CA,Sarnia
CA,Saskatoon
CA,Sauble Beach
CA,Sault Ste Marie
CA,Scarborough
CA,Schomberg
CA,Selkirk
CA,Sept-Iles
CA,Seven Sister Falls
CA,Shannonville
CA,Shawinigan
CA,Shawnigan Lake
CA,Shearwater
CA,Shelburne
CA,Sherbrooke
CA,Sherwood Park
CA,Sicamous
CA,Sidney
CA,Simcoe
CA,Sioux Lookout
CA,Slave Lake
CA,Slocan
CA,Smithers
CA,Smiths Falls
CA,Snag
CA,Sooke
CA,Sorel
CA,South River
CA,Southampton
CA,Southey
CA,Spruce Grove
CA,Squamish
CA,St Catharines
CA,St John's
CA,Standard
CA,Staples
CA,Steinbach
CA,Stephenville
CA,Stettler
CA,Stewart
CA,Stirling
CA,Stoney Creek
CA,Stouffville
CA,Stratford
CA,Strathmore
CA,Sturgeon Falls
CA,Sudbury
CA,Summerland
CA,Summerside
CA,Surrey
CA,Sussex
CA,Swan Hills
CA,Swift Current
CA,Sydney
CA,Tahsis
CA,Tecumseh
CA,Temiscaming
CA,Terrace
CA,Terrebonne
CA,Teslin
CA,Thamesford
CA,Thamesville
CA,The Pas
CA,Thedford
CA,Thetford Mines
CA,Thompson
CA,Thornhill
CA,Thorold
CA,Thunder Bay
CA,Tillsonburg
CA,Timmins
CA,Tiverton
CA,Tobermory
CA,Tofino
CA,Toronto
CA,Tracy
CA,Trail
CA,Trenton
CA,Trois-Rivières
CA,Truro
CA,Ucluelet
CA,Unionville
CA,Upsula
CA,Uxbridge
CA,Val-Belair
CA,Val-d'Or
CA,Valley East
CA,Valleyfield
CA,Valleyview
CA,Vancouver
CA,Vanderhoof
CA,Vankleek Hill
CA,Vaughan
CA,Verchères
CA,Verdun
CA,Vernon
CA,Victoria
CA,Victoriaville
CA,Wabush
CA,Wainwright
CA,Wakefield
CA,Wallaceburg
CA,Wasaga Beach
CA,Waterdown
CA,Waterford
CA,Waterloo
CA,Watson Lake
CA,Wawa
CA,Webequie
CA,Welland
CA,Westport
CA,Wetaskiwin
CA,Weyburn
CA,Whistler
CA,Whitby
CA,White River
CA,White Rock
CA,Whitecourt
CA,Whitehorse
CA,Whitney
CA,Williams Lake
CA,Winchester
CA,Windsor
CA,Winfield
CA,Winkler
CA,Winnipeg
CA,Winona
CA,Wolfville
CA,Woodbridge
CA,Woodstock
CA,Yamaska
CA,Yarmouth
CA,Yellowknife
CA,Yorkton
KY,George Town
CF,Bangui
CL,Antofagasta
CL,Arica
CL,Atamu Tekena
CL,Buin
CL,Cauquenes
CL,Cerrillos
CL,Chiguayante
CL,Chillan
CL,Concepcion
CL,Conchali
CL,Constitución
CL,Copiapo
CL,Coquimbo
CL,Corral
CL,Curico
CL,El Arrayan
CL,El Bosque
CL,El Palqui
CL,Estacion Central
CL,Graneros
CL,Huachipato
CL,Iquique
CL,Isla De Maipo
CL,La Cisterna
CL,La Dehesa
CL,La Florida
CL,La Granja
CL,La Reina
CL,La Serena
CL,Las Condes
CL,Llay-Llay
CL,Lo Espejo
CL,Macul
CL,Maipu
CL,Nunoa
CL,Ovalle
CL,Pena Blanca
CL,Penalolen
CL,Penco
CL,Providencia
CL,Pucon
CL,Puente Alto
CL,Puerto Varas
CL,Puerto Williams
CL,Punta Arenas
CL,Quilicura
CL,Quilpue
CL,Quinta Normal
CL,Rancagua
CL,Recoleta
CL,Recreo
CL,Renaca
CL,Renca
CL,San Bernardo
CL,San Fernando
CL,San Joaquin
CL,San Miguel
CL,San Pedro
CL,San Ramon
CL,San Vicente De Tagua Tagua
CL,San Vicente
CL,Santiago
CL,Talca
CL,Temuco
CL,Valdivia
CL,Vallenar
CL,Valparaiso
CL,Victoria
CL,Viña Del Mar
CL,Vitacura
CN,Abag Qi
CN,Aihui
CN,Akqi
CN,Alar
CN,Altay
CN,Anda
CN,Andir
CN,Ankang
CN,Anqing
CN,Anyang
CN,Arxan
CN,Bachu
CN,Baiang
CN,Bailing-Miao
CN,Baingoin
CN,Balguntay
CN,Baoding
CN,Baoji
CN,Baoshan
CN,Barkam
CN,Bayan Mod
CN,Bayanbulak
CN,Baytik Shan
CN,Beihai
CN,Beijing
CN,Bijie
CN,Bose
CN,Bugt
CN,Chabgling
CN,Changbai
CN,Changchun
CN,Changde
CN,Changhua City
CN,Changhua
CN,Changsha
CN,Changshu
CN,Changting
CN,Changzhi
CN,Chaoyang
CN,Chengde
CN,Chengdu
CN,Chengshantou
CN,Chenzhou
CN,Chifeng
CN,Chongqing
CN,Chuxiong
CN,Da Xian
CN,Da-Qaidam
CN,Dachen Dao
CN,Dali
CN,Dalian
CN,Dandong
CN,Danxian
CN,Daocheng
CN,Daqing
CN,Darlag
CN,Dawu
CN,Dege
CN,Delingha
CN,Dengqen
CN,Deqen
CN,Dinghai
CN,Dongfang
CN,Dongsha Dao
CN,Dongsheng
CN,Dongying
CN,Dulan
CN,Dunhua
CN,Dunhuang
CN,Duolun
CN,Dushan
CN,Ejin Qi
CN,Emei Shan
CN,Enshi
CN,Erenhot
CN,Fangxian
CN,Fengjie
CN,Fengning
CN,Fogang
CN,Foshan
CN,Fuding
CN,Fujin
CN,Fuyang
CN,Fuyun
CN,Fuzhou
CN,Gangca
CN,Ganzhou
CN,Gaoyao
CN,Garze
CN,Golmud
CN,Guaizihu
CN,Guangchang
CN,Guangdong
CN,Guangnan
CN,Guangzhou
CN,Guilin
CN,Guiping
CN,Gushi
CN,Hailar
CN,Hails
CN,Haiyang Dao
CN,Haiyang
CN,Haliut
CN,Hami
CN,Hangzhou
CN,Harbin
CN,Hechi
CN,Hefei
CN,Henan
CN,Hequ
CN,Heyuan
CN,Hezuo
CN,Hoboksar
CN,Hotan
CN,Hsin Tien
CN,Hsin-Chu County
CN,Hsin-Chu
CN,Hsintien City
CN,Hua Shan
CN,Hua-Lien City
CN,Hua-Lien County
CN,Huade
CN,Huadian
CN,Huailai
CN,Huajialing
CN,Huang Shan
CN,Huang Shi City
CN,Huhhot
CN,Huili
CN,Huimin
CN,Huize
CN,Hulin
CN,Huma
CN,Huoshan
CN,I-Lan County
CN,Jartai
CN,Jarud Qi
CN,Jiagedaqi
CN,Jian
CN,Jiangchen
CN,Jiangling
CN,Jiangyin
CN,Jiexiu
CN,Jilin
CN,Jinan
CN,Jingdezhen
CN,Jinghe
CN,Jinghong
CN,Jining
CN,Jinnzhou
CN,Jiulong
CN,Jiuquan
CN,Jiuxian Shan
CN,Jixi
CN,Jurh
CN,Kaba He
CN,Kaifeng
CN,Kaiping
CN,Kangding
CN,Karamay
CN,Kashi
CN,Keelung City
CN,Keshan
CN,Korla
CN,Kuandian
CN,Kunming
CN,Kuqa
CN,Lan Yu
CN,Lancang
CN,Langzhong
CN,Lanzhou
CN,Lenghu
CN,Leting
CN,Lhasa
CN,Lhunze
CN,Lian Xian
CN,Liangping
CN,Lianping
CN,Lianyungang
CN,Liaoyang
CN,Lijiang
CN,Lincang
CN,Lindong
CN,Lingling
CN,Linjiang
CN,Linxi
CN,Linyi
CN,Lishi
CN,Lishui
CN,Liuzhou
CN,Liyang
CN,Longkou
CN,Longzhou
CN,Lu Shan
CN,Luchou Township
CN,Luodian
CN,Luoyang
CN,Lushi
CN,Lusi
CN,Luxi
CN,Luzhou
CN,Macheng
CN,Madoi
CN,Mandal
CN,Mangnai
CN,Mazong Shan
CN,Mazu
CN,Mengjin
CN,Mengla
CN,Mengshan
CN,Mengzi
CN,Mianyang
CN,Miao-Li County
CN,Minqin
CN,Mohe
CN,Mucha District
CN,Mudanjiang
CN,Nagqu
CN,NanTong
CN,Nancheng
CN,Nanchong
CN,Nanhai
CN,Nanjing Jiangsu
CN,Nanjing
CN,Nanning
CN,Nanping
CN,Nantou County
CN,Nanyang
CN,Nanyue
CN,Nanzhong
CN,Napo
CN,Naran Bulag
CN,Neijiang
CN,Neipu Hsiang
CN,Nenjiang
CN,Ningbo
CN,Nyingchi
CN,Otog Qi
CN,Pagri
CN,Pan-Chiao City
CN,Pei-Kang Township
CN,Pengjia Yu
CN,Ping-Tung City
CN,Ping-Tung County
CN,Pingliang
CN,Pingtan
CN,Pingwu
CN,Pingxiang
CN,Pishan
CN,Pucheng
CN,Qamdo
CN,Qian Gorlos
CN,Qijiaojing
CN,Qingdao
CN,Qingjiang
CN,Qinglong
CN,Qingyuan
CN,Qinhuangdao
CN,Qinzhou
CN,Qionghai
CN,Qiqihar
CN,Qitai
CN,Quanzhou
CN,Qufu
CN,Qumarleb
CN,Quzhou
CN,Quzian
CN,Rizhao
CN,Rongjiang
CN,Ruili
CN,Ruo'Ergai
CN,Ruoqiang
CN,Sangzhi
CN,Sanhu Dao
CN,Sansui
CN,Sertar
CN,Shache
CN,Shangchuan Dao
CN,Shanghai
CN,Shangzhi
CN,Shantou
CN,Shanwei
CN,Shaoguan
CN,Shaowu
CN,Shaoyang
CN,Shengsi
CN,Shengxian
CN,Shenyang
CN,Shenzhen
CN,Shijiazhuang
CN,Shin Lin District
CN,Shipu
CN,Shiquanhe
CN,Shituan
CN,Shiyan
CN,Simaoi
CN,Sinan
CN,Siping
CN,Sog Xian
CN,Songpan
CN,Suifenhe
CN,Sunwu
CN,Suzhou
CN,Tacheng
CN,Tai Shan
CN,Tai-Nan City
CN,Tai-Tung County
CN,Taichung City
CN,Tailai
CN,Taiyuan
CN,Tamsui Township
CN,Tangshan
CN,Tengchong
CN,Tianjin
CN,Tianmu Shan
CN,Tianshui
CN,Tikanlik
CN,Tingri
CN,Tongdao
CN,Tongde
CN,Tonghe
CN,Tongliao
CN,Tulihe
CN,Tuotouhe
CN,Turpan
CN,Uliastai
CN,Urumqi
CN,Wanyuan
CN,Weichang
CN,Weifang
CN,Weining
CN,Wenzhou
CN,Wuchi Town
CN,Wudaoling
CN,Wudu
CN,Wugang
CN,Wuhan
CN,Wushaoling
CN,Wutai Shan
CN,Wuxi
CN,Wuzhou
CN,Xainza
CN,Xi ujimqin Qi
CN,Xiamen
CN,Xian
CN,Xichang
CN,Xifengzhen
CN,Xigaze
CN,Xilin Hot
CN,Xin Barag Youqi
CN,Xingren
CN,Xingtai
CN,Xining
CN,Xinxian
CN,Xinyang
CN,Xinyi
CN,Xisha Dao
CN,Xiushui
CN,Xunwu
CN,Ya'an
CN,Yanan
CN,Yanchi
CN,Yangcheng
CN,Yangjiang
CN,Yangzhou
CN,Yanji
CN,Yantai
CN,Yanzhou
CN,Yaxian
CN,Yibin
CN,Yichun
CN,Yihu
CN,Yinchuan
CN,Yingkou
CN,Yining
CN,Yiyuan
CN,Yongan
CN,Youyang
CN,Yu Xian
CN,Yuanjiang
CN,Yuanling
CN,Yuanmou
CN,Yuanping
CN,Yueqing
CN,Yueyang
CN,Yulin
CN,Yumenzhen
CN,Yuncheng
CN,Yungho City
CN,Yushe
CN,Yushu
CN,Zadoi
CN,Zaoyang
CN,Zhangjiakou
CN,Zhangwu
CN,Zhangye
CN,Zhangzhou
CN,Zhanjiang
CN,Zhanyi
CN,Zhaotong
CN,Zhengzhou
CN,Zhenjiang
CN,Zhijiang
CN,Zhongning
CN,Zhongxiang
CN,Zhoushan
CN,Zhuhai
CN,Zhumadian
CN,Ziao'ergou
CN,Zibo
CN,Zigong
CN,Zihua
CN,Zunyi
CN,Zuzhou
CX,Flying Fish Cove
CO,Apartado
CO,Arauca
CO,Armenia
CO,Barrancabermeja
CO,Barrancas
CO,Barranquilla
CO,Bogota
CO,Bucaramanga
CO,Buga
CO,Cali
CO,Cartagena
CO,Chiquinquira
CO,Cucuta
CO,El Centro
CO,Engativa
CO,Envigado
CO,Facatativa
CO,Florencia
CO,Fontibon
CO,Fragua
CO,Funza
CO,Fusagasuga
CO,Galan
CO,Girardot
CO,Honda
CO,Ibague
CO,Ipiales
CO,Itagui
CO,Junin
CO,La Calera
CO,La Victoria
CO,Las Cruces
CO,Las Delicias
CO,Laureles
CO,Leticia
CO,Madrid
CO,Maicao
CO,Manizales
CO,Medellin
CO,Melgar
CO,Monteria
CO,Mosquera
CO,Neiva
CO,Paipa
CO,Palmira
CO,Pamplona
CO,Pasto
CO,Pereira
CO,Popayan
CO,Quibdo
CO,Riohacha
CO,Rionegro
CO,San Andres
CO,Santa Marta
CO,Santafé de Bogota
CO,Sincelejo
CO,Soacha
CO,Sogamoso
CO,Suba
CO,Tocaima
CO,Tunja
CO,Usaquen
CO,Valledupar
CO,Villa De Leiva
CO,Villavicencio
CO,Yopal
CO,Zipaquira
CK,Avarua
CK,Rarotonga
CR,Barra Del Colorado
CR,Cartago
CR,Ciudad Quesada
CR,Curridabat
CR,Escazu
CR,Heredia
CR,Jaco
CR,Liberia
CR,Playas del Coco
CR,Quesada
CR,Sámara
CR,San Francisco De Dos Rios
CR,San Jose
CR,San Ramon
CR,Santa Maria
CR,Tibas
CR,Turrialba
CI,Abidjan
CI,Yamoussoukro
HR,Dakovo
HR,Djurdjevac
HR,Dubrovnik
HR,Durðevac
HR,Karlovac
HR,Komiza
HR,Koprivnica
HR,Krapina
HR,Krk
HR,Nasice
HR,Omis
HR,Orebic
HR,Osijek
HR,Pakrac
HR,Plitvicka Jezera
HR,Pula
HR,Rijeka
HR,Samobor
HR,Slavonski Brod
HR,Sotin
HR,Split
HR,Supetar
HR,Topusko
HR,Trogir
HR,Varazdin
HR,Zadar
HR,Zagreb
CU,Havana
CU,Holguin
CU,Las Tunas
CY,Famagusta
CY,Kyrenia
CY,Larnaca
CY,Limassol
CY,Nicosia
CY,Paphos
CZ,Blansko
CZ,Brno
CZ,Ceske Budejovice
CZ,Cheb
CZ,Chocen
CZ,Chomutov
CZ,Decin
CZ,Frydek-Mistek
CZ,Hradec Kralove
CZ,Jablonec nad Nisou
CZ,Jicin
CZ,Jihlava
CZ,Karlovy Vary
CZ,Kladno
CZ,Klatovy
CZ,Kralupy Nad Vltavou
CZ,Krnov
CZ,Lankroun
CZ,Liberec
CZ,Mlada Boleslav
CZ,Most
CZ,Náchod
CZ,Obecnice
CZ,Olomouc
CZ,Opava
CZ,Ostrava
CZ,Pardubice
CZ,Plzen
CZ,Prague
CZ,Pribram
CZ,Semily
CZ,Stod
CZ,Tábor
CZ,Teplice
CZ,Uhersky Brod
CZ,Usti nad Labem
CZ,Zamberk
CZ,Zlin
CZ,Znojmo
DK,Aabenraa
DK,Aabyhoj
DK,Aalborg
DK,Aalestrup
DK,Allerød
DK,Almind
DK,Andrup
DK,Arhus
DK,Augustenborg
DK,Auning
DK,Bagenkop
DK,Birkerød
DK,Brøndby
DK,Brønderslev
DK,Copenhagen
DK,Davding
DK,Dronninglund
DK,Ebeltoft
DK,Elkenøre
DK,Esbjerg
DK,Farum
DK,Fredericia
DK,Frederiksberg
DK,Frederikshavn
DK,Frederikssund
DK,Gilleleje
DK,Glostrup
DK,Grenaa
DK,Greve
DK,Grindsted
DK,Haderslev
DK,Hadsund
DK,Haslev
DK,Hee
DK,Helsingør
DK,Herlev
DK,Herning
DK,Hillerød
DK,Hirtshals
DK,Hjørring
DK,Hobro
DK,Holbaek
DK,Horsens
DK,Hørsholm
DK,Humlebaek
DK,Jelling
DK,Karup
DK,Kastrup
DK,Klarup
DK,Klokkerholm
DK,Koege
DK,Kolding
DK,Korsør
DK,Krogsbølle
DK,Lemvig
DK,Lyngby
DK,Mygind
DK,Naestved
DK,Nordbørg
DK,Nørre Alslev
DK,Nørresundby
DK,Nyborg
DK,Odder
DK,Odense
DK,Olstykke
DK,Pandrup
DK,Ravsted
DK,Ribe
DK,Ringe
DK,Ringkobing
DK,Ringsted
DK,Rodding
DK,Rødovre
DK,Roenne
DK,Roskilde
DK,Saltum
DK,Selde
DK,Silkeborg
DK,Sindal
DK,Skanderborg
DK,Skibby
DK,Skive
DK,Slagelse
DK,Sonderborg
DK,Struer
DK,Sunds
DK,Svendborg
DK,Taastrup
DK,Thisted
DK,Thorso
DK,Tim
DK,Tranbjerg
DK,Tranekaer
DK,Tullebølle
DK,Ulstrup
DK,Vamdrup
DK,Varde
DK,Vedbaek
DK,Vejle
DK,Viborg
DK,Virum
DK,Vojens
DK,Vonge
DM,Marigot
DM,Roseau
DO,Arenoso
DO,Azua De Compostela
DO,Azua
DO,Bahoruco
DO,Bajos De Haina
DO,Bani
DO,Banica
DO,Barahona
DO,Bayaguana
DO,Bohechio
DO,Bonao
DO,Cabral
DO,Cabrera
DO,Cambita Garabitos
DO,Castanuelas
DO,Castillo
DO,Cayetano Germosen
DO,Cevicos
DO,Chavon Abajo
DO,Comendador
DO,Cotui
DO,Cristobal
DO,Dajabon
DO,Don Juan
DO,Duarte
DO,Duverge
DO,El Cacao
DO,El Cercado
DO,El Factor
DO,El Guayabal
DO,El Llano
DO,El Penon
DO,El Pino
DO,El Valle
DO,Elias Pina
DO,Enriquillo
DO,Esperalvillo
DO,Esperanza
DO,Estebania
DO,Fantino
DO,Fundacion
DO,Galvan
DO,Gaspar Hernandez
DO,Guayabal
DO,Hato Mayor Del Rey
DO,Hato Mayor
DO,Higuey
DO,Hondo Valle
DO,Hostos
DO,Independencia
DO,Jamao Al Norte
DO,Jimani
DO,Jose Contreras
DO,Juan De Herrera
DO,Juan Santiago
DO,La Altagracia
DO,La Cienaga
DO,La Cueva
DO,La Descubierta
DO,La Mata
DO,La Romana
DO,Laguna Salada
DO,Las Charcas
DO,Las Cuevas
DO,Las Guaranas
DO,Las Matas De Farfan
DO,Las Matas
DO,Las Salinas
DO,Las Terrenas
DO,Loma De Cabrera
DO,Los Almacigos
DO,Los Cacaos
DO,Los Rios
DO,Maimon
DO,Mao
DO,Matanzas
DO,Mella
DO,Miches
DO,Moca
DO,Moncion
DO,Monsenor Nouel
DO,Monte Plata
DO,Nagua
DO,Neiba
DO,Neyba
DO,Nigua
DO,Nisibon
DO,Nizao
DO,Otra Banda
DO,Oviedo
DO,Padre Las Casas
DO,Paraiso
DO,Partido
DO,Pedernales
DO,Pedro Santana
DO,Penon
DO,Pepillo Salcedo
DO,Peralta
DO,Peravia
DO,Piedra Blanca
DO,Pimentel
DO,Polo
DO,Pueblo Viejo
DO,Puerto Plata
DO,Punta Cana
DO,Rancho Arriba
DO,Restauracion
DO,Rio San Juan
DO,Sabana Buey
DO,Sabana De La Mar
DO,Sabana Grande De Boya
DO,Sabana Grande Palenque
DO,Sabana Larga
DO,Sabana Yegua
DO,Salcedo
DO,San Cristobal
DO,San Francisco De Macoris
DO,San Ignacio De Sabaneta
DO,San Jose De Ocoa
DO,San Juan
DO,San Rafael Del Yuma
DO,San Victor
DO,Sanchez
DO,Santiago Rodriguez
DO,Santiago
DO,Santo Domingo
DO,Sosúa
DO,Tabara Arriba
DO,Tamayo
DO,Tenares
DO,Ubilla
DO,Vallejuelo
DO,Valverde
DO,Vicente Noble
DO,Villa Altagracia
DO,Villa Jaragua
DO,Villa Riva
DO,Villa Tapia
DO,Villa Vasquez
DO,Yaguate
DO,Yamasa
DO,Yayas De Viajama
EC,Ambato
EC,Bahia De Caraquez
EC,Bahia
EC,Cuenca
EC,Guaranda
EC,Guayaquil
EC,Ibarra
EC,Latacunga
EC,Loja
EC,Machala
EC,Manta
EC,Otavalo
EC,Portoviejo
EC,Puerto Ayora
EC,Puerto Baquerizo Moreno
EC,Quito
EC,Riobamba
EC,San Jacinto
EC,Santo Domingo De Los Colorados
EC,Santo Domingo
EC,Tulcan
EG,Al Mansurah
EG,Alexandria
EG,Cairo
EG,Giza
EG,Heliopolis
EG,Hurghada
EG,Luxor
EG,Marsa Alam
EG,Port Said
EG,Ramadan City
EG,Sharm el-Sheikh
SV,Arcatao
SV,La Libertad
SV,San Antonio Los Ranchos
SV,San Jose Las Flores
SV,San Miguel
SV,San Salvador
SV,Santa Ana
SV,Tenancingo
ER,Asmara
ER,Taiping
EE,Jôgeva
EE,Kuressaare
EE,Maardu
EE,Parnu
EE,Rakvere
EE,Saue
EE,Tallinn
EE,Tapa
EE,Tartu
EE,Viljandi
ET,Addis Ababa
ET,Axum
FO,Tórshavn
FJ,Nailuva
FJ,Suva
FI,Alajarvi
FI,Espoo
FI,Forssa
FI,Hämeenlinna
FI,Hanko
FI,Heinola
FI,Helsinki
FI,Hyvinkäa
FI,Iisalmi
FI,Imatra
FI,Jakobstad
FI,Jamsankoski
FI,Jarvenpaa
FI,Joensuu
FI,Juuka
FI,Jyväskyla
FI,Kajaani
FI,Kannus
FI,Kauhajoki
FI,Kemi
FI,Kemijärvi
FI,Kokkola
FI,Kotka
FI,Kouvola
FI,Kuopio
FI,Lahti
FI,Lappeenranta
FI,Lapua
FI,Lohja
FI,Loviisa
FI,Mäntta
FI,Mariehamn
FI,Mikkeli
FI,Naantali
FI,Närpio
FI,Nilsia
FI,Nokia
FI,Nummela
FI,Orimattila
FI,Oulu
FI,Paimio
FI,Pori
FI,Porvoo
FI,Raahe
FI,Rauma
FI,Riihimaki
FI,Rovaniemi
FI,Salo
FI,Seinajoki
FI,Siilinjärvi
FI,Sipoo
FI,Tampere
FI,Tapiola
FI,Toijala
FI,Tornio
FI,Turku
FI,Uusikaupunki
FI,Vaasa
FI,Valkeakoski
FI,Vantaa
FI,Varkaus
FI,Ylivieska
FR,Abbeville
FR,Aix-en-Provence
FR,Albertville
FR,Albi
FR,Amiens
FR,Angers
FR,Anglet
FR,Angouleme
FR,Annecy
FR,Antibes
FR,Arcachon
FR,Arles
FR,Aubigny-sur-Nere
FR,Auxerre
FR,Avignon
FR,Bar-sur-Loup
FR,Barbizon
FR,Bayonne
FR,Beaune
FR,Beauvezer
FR,Belfort
FR,Besancon
FR,Beziers
FR,Biarritz
FR,Billom
FR,Biot
FR,Blotzheim
FR,Bordeaux
FR,Bormes-les-Mimosas
FR,Boulogne-Billancourt
FR,Bourges
FR,Brest
FR,Bruyeres
FR,Caen
FR,Calais
FR,Cambrai
FR,Campbon
FR,Cannes
FR,Carcassonne
FR,Cavaliere Sur Mer
FR,Cergy-Pontoise
FR,Châlons
FR,Chambery
FR,Chambolle-Musigny
FR,Chamonix
FR,Chantilly
FR,Charenton-le-Pont
FR,Chavaniac
FR,Cherbourg
FR,Clermont-Ferrand
FR,Clichy
FR,Coex
FR,Cognac
FR,Colmar
FR,Colombes
FR,Compiegne
FR,Coubert
FR,Courbevoic
FR,Courchevel
FR,Deauville
FR,Dijon
FR,Dormans
FR,Douai
FR,Eguisheim
FR,Elancourt
FR,Entrains-Sur-Nohain
FR,Fontenay-Le-Compte
FR,Fourmies
FR,Frejus
FR,Gap
FR,Geispolsheim
FR,Gennevilliers
FR,Granville
FR,Grenoble
FR,Henin-Beaumont
FR,Hondschoote
FR,Hyères
FR,Issy-les-Moulineaux
FR,La Garde-Freinet
FR,La Londe-les-Maures
FR,La Rochelle
FR,La Teste
FR,La Trinite-sur-Mer
FR,La Vergne
FR,La Verpilliere
FR,Langeac
FR,Laval
FR,Le Bourget
FR,Le Cannet
FR,Le Cendre
FR,Le Havre
FR,Le Lavandou
FR,Le Mans
FR,Le Toquet
FR,Le Vesinet
FR,Les Ormes-sur-Voulzie
FR,Les Ulis
FR,Levallois-Perret
FR,Lille
FR,Limoges
FR,Longjumeau
FR,Longvic
FR,Lons-le-Saunier
FR,Lourdes
FR,Luray
FR,Luzarches
FR,Lyon
FR,Macon
FR,Maisons-Laffitte
FR,Marcq-En-Baroeul
FR,Marseille
FR,Martigues
FR,Mérignac
FR,Metz
FR,Meylan
FR,Mimizan
FR,Montbeliard
FR,Montelimar
FR,Montgeron
FR,Montigny-le-Bretonneux
FR,Montmorency
FR,Montpellier
FR,Morez
FR,Mulhouse
FR,Mutzig
FR,Nancy
FR,Nanterre
FR,Nantes
FR,Narbonne
FR,Neuf-Brisach
FR,Neuilly-Plaisance
FR,Nice
FR,Nimes
FR,Noisy Sur Ecole
FR,Noisy-le-Grand
FR,Orange
FR,Orleans
FR,Orsay
FR,Paris
FR,Pau
FR,Peronne
FR,Perpignan
FR,Pertuis
FR,Plaisir
FR,Poitiers
FR,Pontivy
FR,Précy-sur-Oise
FR,Reims
FR,Rennes
FR,Rombas
FR,Romorantin
FR,Rouen
FR,Saint Avold
FR,Saint Cloud
FR,Saint Cyr Sur Loire
FR,Saint Etienne
FR,Saint Malo
FR,Saint Mande
FR,Saint-Clar
FR,Saint-Etienne
FR,Saint-Gaudens
FR,Saint-Germain-en-Laye
FR,Saint-Julien-en-Genevois
FR,Saint-Maur-des-Fosses
FR,Saint-Zacharie
FR,Sainte-Maxime
FR,Sciez
FR,Seclin
FR,Senonches
FR,Sevres
FR,Sophia-Antipolis
FR,Ste-Maxime
FR,Strasbourg
FR,Terrasson
FR,Toulon
FR,Toulouse
FR,Tours
FR,Troyes
FR,Val-d'Isere
FR,Valbonne
FR,Vannes
FR,Vendome
FR,Versailles
FR,Vichy
FR,Villeurbanne
FR,Vincennes
FR,Viry Noureuil
FR,Vitre
FR,Voiron
GF,Cayenne
PF,Papeete
GA,Libreville
GM,Banjul
GM,Kanifing
GE,Bat'umi
GE,Mtskheta
GE,P'ot'I
GE,T'elavi
GE,Tbilisi
DE,Aachen
DE,Aalen
DE,Ahaus
DE,Ahrensburg
DE,Albstadt
DE,Allersberg
DE,Altdorf
DE,Altena
DE,Altenstadt
DE,Altötting
DE,Ansbach
DE,Apolda
DE,Aschaffenburg
DE,Attenkirchen
DE,Augsburg
DE,Bad Homburg
DE,Bad Koenigshofen
DE,Bad Neustadt
DE,Bad Orb
DE,Bad Sachsa
DE,Bad Urach
DE,Bad Vilbel
DE,Bad Wildbad
DE,Bad Zwischenahn
DE,Baden-Baden
DE,Balingen
DE,Bamberg
DE,Bargteheide
DE,Bayreuth
DE,Bensheim
DE,Bergen
DE,Berlin
DE,Bexbach
DE,Bielefeld
DE,Billerbeck
DE,Bingen Am Rhein
DE,Bispingen
DE,Bitburg
DE,Bochum
DE,Bonn
DE,Borgholzhausen
DE,Borken
DE,Brake
DE,Brandenburg
DE,Braunfels
DE,Braunschweig
DE,Bremen
DE,Bremerhaven
DE,Bretten
DE,Budingen
DE,Burgbernheim
DE,Burghausen
DE,Celle
DE,Chemnitz
DE,Clausthal-Zellerfeld
DE,Coburg
DE,Cologne
DE,Cottbus
DE,Crailsheim
DE,Cranzahl
DE,Cuxhaven
DE,Dachau
DE,Darmstadt
DE,Diekirch North
DE,Dorfen
DE,Dormagen
DE,Dortmund
DE,Dresden
DE,Duisburg
DE,Dülmen
DE,Dusseldorf
DE,Eberbach
DE,Echzell
DE,Egelsbach
DE,Eichstatt
DE,Eisenach
DE,Ellwangen
DE,Elmshorn
DE,Emden
DE,Emmerich
DE,Erfurt
DE,Erlangen
DE,Essen
DE,Esslingen
DE,Eutin
DE,Faulbach
DE,Feuchtwangen
DE,Flensburg
DE,Forst
DE,Frankenthal
DE,Frankfurt
DE,Freiburg Im Breisgau
DE,Freising
DE,Friedberg
DE,Friedrichshafen
DE,Friolzheim
DE,Fuerth
DE,Fulda
DE,Fürstenberg
DE,Furth Im Wald
DE,Fussen
DE,Gaienhofen
DE,Garbsen
DE,Gedern
DE,Geilenkirchen
DE,Geldern
DE,Gelnhausen
DE,Gelsenkirchen
DE,Gengenbach
DE,Gera
DE,Gießen
DE,Gladenbach
DE,Gluckstadt
DE,Gotha
DE,Gottelfingen
DE,Göttingen
DE,Greifswald
DE,Griesheim
DE,Gross-Zimmern
DE,Grunstadt
DE,Guetersloh
DE,Gunzenhausen
DE,Haan
DE,Hachenburg
DE,Hagen
DE,Haiterbach
DE,Hamburg
DE,Hameln
DE,Hamm
DE,Hanau
DE,Hannover
DE,Havixbeck
DE,Heidelberg
DE,Heilbronn
DE,Helmbrechts
DE,Helmstedt
DE,Hennef
DE,Herford
DE,Herne
DE,Herzberg
DE,Hilden
DE,Hockenheim
DE,Hof
DE,Hofgeismar
DE,Hofheim
DE,Homburg
DE,Hungen
DE,Idstein
DE,Ingolstadt
DE,Jena
DE,Kaiserslautern
DE,Kaltenkirchen
DE,Kamen
DE,Kamp-Lintfort
DE,Karlsruhe
DE,Kassel
DE,Kaufbeuren
DE,Kempen
DE,Kiel
DE,Kitzingen
DE,Kleve
DE,Koblenz
DE,Koeln
DE,Koenigs Wusterhausen
DE,Konstanz
DE,Kornwestheim
DE,Krefeld
DE,Kubelstein Stadt Schesslitz
DE,Kusel
DE,Kusterdingen
DE,Lampertheim
DE,Landau
DE,Landsberg Am Lech
DE,Landshut
DE,Lauf
DE,Lebach
DE,Leer
DE,Leiferde
DE,Leinfelden-Echterdingen
DE,Leipzig
DE,Lemgo
DE,Lengerich
DE,Lenggries
DE,Leonberg
DE,Leverkusen
DE,Lichtenfels
DE,Limburg
DE,Lindau
DE,Linz Am Rhein
DE,Lippstadt
DE,Lubeck
DE,Ludinghausen
DE,Ludwigsburg
DE,Ludwigshafen Am Rhein
DE,Luedenscheid
DE,Lueneburg
DE,Lug
DE,Lutherstadt Wittenberg
DE,Magdeburg
DE,Mainburg
DE,Mainz
DE,Malsch
DE,Mannheim
DE,Marbach Am Neckar
DE,Marburg
DE,Marl
DE,Meersburg
DE,Melsungen
DE,Memmingen
DE,Meppen
DE,Merzig
DE,Meschede
DE,Meßstetten
DE,Minden
DE,Moers
DE,Mönchengladbach
DE,Montabaur
DE,Morzheim
DE,Muellheim
DE,Munich
DE,Munster
DE,Neu Ulm
DE,Neu-Isenburg
DE,Neubrandenburg
DE,Neuburg
DE,Neuenbürg
DE,Neumarkt
DE,Neuss
DE,Neustadt An Der Waldnaab
DE,Neustadt
DE,Neustrelitz
DE,Neuwied
DE,Nidda
DE,Nienburg
DE,Nordhausen
DE,Nürnberg
DE,Oberbergkirchen
DE,Oberhausen
DE,Oberstdorf
DE,Oberursel
DE,Offenbach
DE,Ofterdingen
DE,Olbernhau
DE,Oldenburg
DE,Ortenberg
DE,Osnabruck
DE,Ottobrunn
DE,Paderborn
DE,Parsberg
DE,Passau
DE,Pfaffenweiler
DE,Pforzheim
DE,Pinneberg
DE,Pirmasens
DE,Pleinfeld
DE,Porta Westfalica
DE,Potsdam
DE,Quedlinburg
DE,Rastatt
DE,Rathenow
DE,Ratingen
DE,Regensburg
DE,Remscheid
DE,Reutlingen
DE,Rheda-Wiedenbrueck
DE,Rheinsberg
DE,Riesa
DE,Rodental
DE,Rosenheim
DE,Rostock
DE,Rottenburg
DE,Rudesheim
DE,Rudolstadt
DE,Saarbrucken
DE,Sankt Augustin
DE,Sasbach
DE,Schaumburg
DE,Schifferstadt
DE,Schledehausen
DE,Schongau
DE,Schwabach
DE,Schwabisch Gmund
DE,Schweinfurt
DE,Schwerin
DE,Schwieberdingen
DE,Seevetal
DE,Siegen
DE,Sindelfingen
DE,Singen
DE,Solingen
DE,Soltau
DE,Stade
DE,Starnberg
DE,Steinach
DE,Stralsund
DE,Stuttgart
DE,Sulzfeld
DE,Tirschenreuth
DE,Traunstein
DE,Trier
DE,Troisdorf
DE,Trossingen
DE,Tubingen
DE,Uberlingen
DE,Ulm
DE,Untersteinach
DE,Urbach
DE,Utting
DE,Vaterstetten
DE,Viersen
DE,Villingen-Schwenningen
DE,Vilseck
DE,Wackersdorf
DE,Wagenhoff
DE,Waiblingen
DE,Waldkirchen
DE,Walldorf
DE,Walldürn
DE,Wassenberg
DE,Wasserburg
DE,Wedel
DE,Weiden
DE,Weimar
DE,Weinstadt
DE,Wertheim
DE,Wesel
DE,Wesenberg
DE,Wetzlar
DE,Wiernsheim
DE,Wiesbaden
DE,Wiesloch
DE,Wilhelmshaven
DE,Willich
DE,Winterlingen
DE,Wittelshofen
DE,Witten
DE,Wittmund
DE,Wolfach
DE,Wolfenbuttel
DE,Worms
DE,Wuppertal
DE,Wurzburg
DE,Zangberg
DE,Zittau
DE,Zweibrucken
DE,Zwickau
GH,Accra
GH,Bolgatanga
GH,Cape Coast
GH,Ga District
GH,Kumasi
GH,Oyoko
GH,Takoradi
GH,Tamale
GH,Tema
GI,Algeciras
GI,Estepona
GI,Gibraltar
GI,La Linea
GI,Marbella
GR,Agios Nikolaos
GR,Agria
GR,Amarinthos
GR,Argostoli
GR,Athens
GR,Chania
GR,Corinth
GR,Irakleion
GR,Kalamaria
GR,Kalamata
GR,Karpenissi
GR,Katerini
GR,Kavala
GR,Kerkira
GR,Kissamos
GR,Koridhallos
GR,Kos
GR,Kozani
GR,Lamia
GR,Larisa
GR,Limnos
GR,Loannina
GR,Myconos
GR,Mytilini
GR,Naousa
GR,Navplion
GR,Naxos
GR,Patrai
GR,Patras
GR,Peristérion
GR,Piraeus
GR,Rafina
GR,Rethymno
GR,Rhodes
GR,Samos
GR,Serres
GR,Souda
GR,Sparta
GR,Thessaloniki
GR,Thiva
GR,Trikala
GR,Tripolis
GR,Volos
GR,Zakinthos
GL,Kangerlussuaq
GL,Nuuk
GL,Upernavik
GD,Hillsborough
GD,St George's
GP,Lamentin
GU,Agana
GU,Agat
GU,Dededo
GU,Hagatna
GU,Maite
GU,Mangilao
GU,Piti
GU,Tamuning
GU,Yigo
GU,Yona
GT,Antigua
GT,Boca Del Monte
GT,Chichicastenango
GT,Coban
GT,Cuilapa
GT,Escuintla
GT,Guatemala
GT,Huehuetenango
GT,Jalapa
GT,Jutiapa
GT,Mixco
GT,Puerto Barrios
GT,Quezaltenango
GT,Salama
GT,San Jose Pinula
GT,San Juan Sacatepequez
GT,San Miguel Petapa
GT,Santa Cruz del Quiche
GT,Solola
GT,Villa Canales
GT,Villa Nueva
GT,Zacapa
GN,Conakry
GY,Albion
GY,Bartica
GY,Blairmont
GY,Charity
GY,Fort Wellington
GY,Georgetown
GY,Hopetown
GY,Jonestown
GY,Linden
GY,Mackenzie
GY,Mahaica
GY,Mahaicony
GY,New Amsterdam
GY,Orealla
GY,Parika
GY,Port Mourant
GY,Rockstone
GY,Rose Hall
GY,Rosignol
GY,Skeldon
GY,Springlands
GY,Suddie
HT,Bourdon
HT,Carrefour Shada
HT,Delmas
HT,Diquini
HT,Jacmel
HT,Martissant
HT,Petionville
HT,Petit Goave
HT,Port-au-Prince
HN,Choloma
HN,Choluteca
HN,Comayagua
HN,Comayaguela
HN,Cortes
HN,Danli
HN,El Llano
HN,El Progreso
HN,Juticalpa
HN,La Ceiba
HN,La Lima
HN,Progreso
HN,Puerto Cortes
HN,Roatan
HN,San Pedro Sula
HN,Santa Rita
HN,Santa Rosa
HN,Tegucigalpa
HN,Tela
HN,Yoro
HN,Yuscaran
HU,Budapest
HU,Debrecen
HU,Dunaujvaros
HU,Eger
HU,Esztergom
HU,Gyor
HU,Hillye
HU,Hódmezõvásárhely
HU,Jaszbereny
HU,Kecskemet
HU,Mako
HU,Miskolc
HU,Nagykoros
HU,Nyíregyháza
HU,Pászto
HU,Pecs
HU,Siofok
HU,Sopron
HU,Szeged
HU,Székesfehérvár
HU,Szekszard
HU,Szolnok
HU,Szombathely
HU,Zalaegerszeg
IS,Akureyri
IS,Egilsstadir
IS,Hafnarfjörður
IS,Isafjörður
IS,Keflavik
IS,Kirkjubaejarklaustur
IS,Kopavogur
IS,Patreksfjörður
IS,Raufarhofn
IS,Reykjavík
IS,Saudarkrokur
IS,Selfoss
IS,Vestmannaeyjar
IN,Abohar
IN,Achalpur
IN,Achhod
IN,Agartala
IN,Agra
IN,Ahmedabad
IN,Ahmednagar
IN,Aizwal
IN,Ajmer
IN,Akola
IN,Aligarh
IN,Allahabad
IN,Alwar
IN,Ambala
IN,Amethi
IN,Amravati
IN,Amreli
IN,Amritsar
IN,Anand
IN,Anantapur
IN,Angul
IN,Ankleshwar
IN,Anuppur
IN,Araria
IN,Arcot
IN,Arrah
IN,Aruppukkottai
IN,Asansol
IN,Ashoknagar
IN,Ashtamichira
IN,Aurangabad
IN,Azamgarh
IN,Bahadurgarh
IN,Baharampur
IN,Bahraich
IN,Balaghat
IN,Balasore
IN,Bali
IN,Balia
IN,Ballabhgarh
IN,Balrampur
IN,Banaras
IN,Banda
IN,Bangalore
IN,Banganapalle
IN,Banswara
IN,Banur
IN,Bapatla
IN,Baramati
IN,Baran
IN,Bardhaman
IN,Bareilly
IN,Bargarh
IN,Barh
IN,Baripada
IN,Barmer
IN,Barnala
IN,Barodra
IN,Barrackpur
IN,Barwani
IN,Beawar
IN,Belgaum
IN,Bellary
IN,Benares
IN,Bengaluru
IN,Betul
IN,Bhagalpur
IN,Bhandara
IN,Bharatpur
IN,Bharuch
IN,Bhavani
IN,Bhavnagar
IN,Bhilai
IN,Bhilwara
IN,Bhimavaram
IN,Bhinmal
IN,Bhiwandi
IN,Bhiwani
IN,Bhopal
IN,Bhubaneshwar
IN,Bhubaneswar
IN,Bhuj
IN,Bidar
IN,Bihar Sharif
IN,Bijapur
IN,Bijnaur
IN,Bikaner
IN,Bilara
IN,Bilaspur
IN,Bodh Gaya
IN,Bokaro Steel City
IN,Bolangir
IN,Bombay
IN,Bongaigaon
IN,Burdwan
IN,Calcutta
IN,Calicut
IN,Cambay
IN,Champawat
IN,Chamrajnagar
IN,Chandannagar
IN,Chandigarh
IN,Chandrapur
IN,Chapirevula
IN,Chapra
IN,Charkhari
IN,Charkhi Dadri
IN,Chengalpattu
IN,Chennai
IN,Cherunniyoor
IN,Chhatarpur
IN,Chhindwara
IN,Chikmagalur
IN,Chiplun
IN,Chirala
IN,Chitradurga
IN,Chitrakoot
IN,Chittoor
IN,Chittorgarh
IN,Cochin
IN,Coimbatore
IN,Contai
IN,Cooch Behar
IN,Coonoor
IN,Cuddalore
IN,Cuddapah
IN,Cuttack
IN,Dabra
IN,Dadra
IN,Dadri
IN,Dahod
IN,Daltonganj
IN,Daman
IN,Damoh
IN,Darbhanga
IN,Darjeeling
IN,Datia
IN,Davanagere
IN,Dehgam
IN,Dehra Dun
IN,Dehradun
IN,Delhi
IN,Deoghar
IN,Dewas
IN,Dhamtari
IN,Dhanbad
IN,Dhar
IN,Dharampur
IN,Dharamsala
IN,Dharmapuri
IN,Dharwad
IN,Dhenkanal
IN,Dholka
IN,Dhule
IN,Dhulian
IN,Dhuri
IN,Dibrugarh
IN,Dilli
IN,Dindigul
IN,Diphu
IN,Dispur
IN,Diu
IN,Dombivli
IN,Dumdum
IN,Durg
IN,Durgapur
IN,Dwarka
IN,Eluru
IN,Ernakulam
IN,Erode
IN,Etah
IN,Etawah
IN,Faizabad
IN,Falna
IN,Faridabad
IN,Faridkot
IN,Farrukhabad
IN,Fatehabad
IN,Fatehgarh
IN,Fatehpur Sikri
IN,Firozabad
IN,Gadag
IN,Gadchiroli
IN,Gadhada
IN,Gandhinagar
IN,Gangtok
IN,Ganjam
IN,Gauhati
IN,Gaya
IN,Ghaziabad
IN,Ghazipur
IN,Goa Velha
IN,Goa
IN,Godhra
IN,Gohana
IN,Gondiya
IN,Gorakhpur
IN,Greater Noida
IN,Gudalur
IN,Gudivada
IN,Gulbarga
IN,Gumla
IN,Guna
IN,Gundlupet
IN,Guntur
IN,Gurgaon
IN,Guwahati
IN,Gwalior
IN,Haldia
IN,Haldwani
IN,Halisahar
IN,Hamirpur
IN,Hansi
IN,Hanumangarh
IN,Harda
IN,Hardoi
IN,Haridwar
IN,Harsawa
IN,Hassan
IN,Hastinapur
IN,Hathras
IN,Himatnagar
IN,Hisar
IN,Hodal
IN,Hoshiarpur
IN,Howrah
IN,Hubli
IN,Hyderabad
IN,Idar
IN,Imphal
IN,Indore
IN,Itanagar
IN,Jabalpur
IN,Jagdalpur
IN,Jagraon
IN,Jagtial
IN,Jaipur
IN,Jais
IN,Jaisalmer
IN,Jaitaran
IN,Jalalabad
IN,Jalandhar
IN,Jalgaon
IN,Jalore
IN,Jamakhandi
IN,Jammu
IN,Jamnagar
IN,Jamshedpur
IN,Jaunpur
IN,Jhabua
IN,Jhalawar
IN,Jhansi
IN,Jhunjhunu
IN,Jodhpur
IN,Jorhat
IN,Junagadh
IN,Junnar
IN,Kadapa
IN,Kakinada
IN,Kalburgi
IN,Kalpakkam
IN,Kalyan
IN,Kamthi
IN,Kanchipuram
IN,Kanker
IN,Kannur
IN,Kanpur
IN,Kapurthala
IN,Karad
IN,Karimnagar
IN,Karur
IN,Karwar
IN,Kashi
IN,Katni
IN,Kayamkulam
IN,Khagaria
IN,Khambat
IN,Kharagpur
IN,Kochbihar
IN,Kochi
IN,Kolhapur
IN,Kolkata
IN,Kollam
IN,Korba
IN,Kottayam
IN,Kovur
IN,Kozhikode
IN,Krishnanagar
IN,Lakhisarai
IN,Lalitpur
IN,Lamka
IN,Latur
IN,Leh
IN,Lonavla
IN,Lucknow
IN,Ludhiana
IN,Machilipatnam
IN,Madanapalle
IN,Madgaon
IN,Madikeri
IN,Madras
IN,Madurai
IN,Mahabaleswar
IN,Mahabubnagar
IN,Mahad
IN,Mahe
IN,Mahoba
IN,Mahotsav Nagar
IN,Mahuva
IN,Mahwa
IN,Malappuram
IN,Malegaon
IN,Malout
IN,Manavadar
IN,Mancherial
IN,Mandla
IN,Mandsaur
IN,Manesar
IN,Mangalagiri
IN,Mangalore
IN,Mapusa
IN,Marmagao
IN,Mathura
IN,Meerut
IN,Mehsana
IN,Mercara
IN,Mira-Bhayandar
IN,Miraj
IN,Mirzapur
IN,Moga
IN,Mohali
IN,Mokama
IN,Moradabad
IN,Motihari
IN,Mount Abu
IN,Mukatsar
IN,Mullanpur
IN,Mumbai
IN,Murshidabad
IN,Murwara
IN,Mussoorie
IN,Muzaffarnagar
IN,Muzaffarpur
IN,Mysore
IN,Nadiad
IN,Nagapattinam
IN,Nagarkurnool
IN,Nagaur
IN,Nagercoil
IN,Nagpur
IN,Naini Tal
IN,Nainital
IN,Nalgonda
IN,Namakkal
IN,Nanded
IN,Nandurbar
IN,Nandyal
IN,Nangal
IN,Narasaraopet
IN,Narayangaon
IN,Narsimhapur
IN,Narsinghgarh
IN,Nashik
IN,Navi Mumbai
IN,Navsari
IN,Nawalgarh
IN,Neemuch
IN,Nellore
IN,New Delhi
IN,New Guntur
IN,New Mumbai
IN,Nizamabad
IN,Noida
IN,Ongole
IN,Ootacamund
IN,Ooty
IN,Palai
IN,Pali
IN,Palwal
IN,Panaji
IN,Panchkula
IN,Pandharpur
IN,Panipat
IN,Panjim
IN,Panna
IN,Panvel
IN,Paratwada
IN,Patan
IN,Pathankot
IN,Patiala
IN,Patna
IN,Patratu
IN,Pimpri Chinchwad
IN,Pithoragarh
IN,Pokaran
IN,Pollachi
IN,Ponda
IN,Pondicherry
IN,Porbandar
IN,Port Blair
IN,Pratapgarh
IN,Puducherry
IN,Punalur
IN,Pune
IN,Puri
IN,Purnia
IN,Pushkar
IN,Quilon
IN,Rae Bareli
IN,Raichur
IN,Raigarh
IN,Raipur
IN,Rairangpur
IN,Raisen
IN,Rajahmundry
IN,Rajampet
IN,Rajgarh
IN,Rajkot
IN,Rajnandgaon
IN,Ramanathapuram
IN,Rameshwaram
IN,Ramgarh
IN,Rampur
IN,Ranaghat
IN,Ranchi
IN,Rangia
IN,Rani
IN,Raniganj
IN,Ranikhet
IN,Raniwara
IN,Ratangarh
IN,Ratlam
IN,Ratnagiri
IN,Raurkela
IN,Ravulapalem
IN,Renukoot
IN,Rewa
IN,Rewari
IN,Rishikesh
IN,Rishra
IN,Roha
IN,Rohtak
IN,Roorkee
IN,Rourkela
IN,Sadri
IN,Sagar
IN,Sagara
IN,Saharanpur
IN,Salem
IN,Samastipur
IN,Sambalpur
IN,Sanawad
IN,Sanchore
IN,Sangamner
IN,Sangli
IN,Sangrur
IN,Satara
IN,Sathyamangalam
IN,Satna
IN,Secunderabad
IN,Sehore
IN,Seoni
IN,Shajapur
IN,Shegaon
IN,Sheopur
IN,Shevgaon
IN,Shillong
IN,Shimla
IN,Shimoga
IN,Shirala
IN,Sholapur
IN,Shrigonda
IN,Shrirampur
IN,Shrivardhan
IN,Siddipet
IN,Sihor
IN,Sikar
IN,Silchar
IN,Siliguri
IN,Silvassa
IN,Simla
IN,Sindhanur
IN,Singrauli
IN,Sinnar
IN,Sirohi
IN,Sironj
IN,Sirsa
IN,Sitamarhi
IN,Sitapur
IN,Sivakasi
IN,Siwan
IN,Sojat
IN,Solapur
IN,Sonipat
IN,Sriganganagar
IN,Srikakulam
IN,Srikalahasti
IN,Srinagar
IN,Sumerpur
IN,Surat
IN,Suratgarh
IN,Surendranagar
IN,Suryapet
IN,Takhatgarh
IN,Talwara
IN,Tamluk
IN,Tandur
IN,Tanuku
IN,Tellicherry Kerala
IN,Tenali
IN,Tezpur
IN,Thane
IN,Thanjavur
IN,Thathawata
IN,Thirthahalli
IN,Thiruvallur
IN,Thiruvananthapuram
IN,Thodupuzha
IN,Thoothukudi
IN,Thrikkannamangal
IN,Thrissur
IN,Tikamgarh
IN,Tindivanam
IN,Tinsukia
IN,Tiruchirappalli
IN,Tirunelveli
IN,Tirupathi
IN,Tirupattur
IN,Tiruppur
IN,Tirupur
IN,Tirur
IN,Tiruvannamalai
IN,Tiruvarur
IN,Trichur
IN,Trivandrum
IN,Tuticorin
IN,Udaipur
IN,Udhagamandalam
IN,Udhampur
IN,Udupi
IN,Ujjain
IN,Ulhasnagar
IN,Umred
IN,Unnao
IN,Uttarpara
IN,Vadodara
IN,Vallabh Vidhyanagar
IN,Valsad
IN,Vandavasi
IN,Vapi
IN,Varanasi
IN,Vasai
IN,Vasco da Gama
IN,Vasco
IN,Vatakara
IN,Vellore
IN,Vidisha
IN,Vijayawada
IN,Viluppuram
IN,Virar
IN,Virudhachalam
IN,Visakhapatnam
IN,Vishakhapatnam
IN,Vizianagaram
IN,Vyara
IN,Warangal
ID,Bali
ID,Balikpapan
ID,Bandar Lampung
ID,Bandung
ID,Banjarmasin
ID,Batam
ID,Batuhijau Sumbawa
ID,Bekasi
ID,Biak
ID,Binjei
ID,Bitung
ID,Blitar
ID,Bogor
ID,Denpasar
ID,Depok
ID,Fakfak
ID,Gresik
ID,Jakarta
ID,Jayapura
ID,Karawaci
ID,Klungkung
ID,Kuta
ID,Malang
ID,Manado
ID,Manokwari
ID,Mataram
ID,Medan
ID,Merauke
ID,Meulaboh
ID,Nabire
ID,Nusa Dua
ID,Padang
ID,Pakanbaru
ID,Palangkaraya
ID,Palembang
ID,Pasuruan
ID,Pematangsiantar
ID,Pontianak
ID,Praya
ID,Purwokerto
ID,Purworejo
ID,Samarinda
ID,Selong
ID,Semarang
ID,Serui
ID,Sidoarjo
ID,Sorong
ID,Surabaya
ID,Tangerang
ID,Timika
ID,Tomohon
ID,Tondano
ID,Ubud
ID,Ujung Pandang
ID,Yogyakarta
IR,Ahvaz
IR,Arak
IR,Baharestan
IR,Behshahr
IR,Damghan
IR,Fasa
IR,Jahrom
IR,Karaj
IR,Kermanshah
IR,Kish
IR,Lar
IR,Mashhad
IR,Orumiyeh
IR,Rafsanjan
IR,Sari
IR,Shiraz
IR,Tabriz
IR,Tehran
IR,Zahedan
IQ,An Najaf
IQ,Ar Rutbah
IQ,Arbil
IQ,As Sulaymaniyah
IQ,Baghdad
IQ,Basra
IQ,Fallujah
IQ,Nineveh
IE,Athboy
IE,Athlone
IE,Bangor
IE,Bantry
IE,Castlebar
IE,Clifden
IE,Cork
IE,Dublin
IE,Dundalk
IE,Edgeworthstown
IE,Ennis
IE,Enniscorthy
IE,Galway
IE,Kilkenny
IE,Killarney
IE,Leixlip
IE,Letterkenny
IE,Limerick
IE,Listowel
IE,Longford
IE,Mullingar
IE,New Ross
IE,Shannon
IE,Sligo
IE,Tallaght
IE,Tralee
IE,Waterford
IE,Westport
IE,Wicklow
IL,Afula
IL,Akko
IL,Araba
IL,Ashdod
IL,B'nei Brak
IL,Bat Yam
IL,Beer-Sheva
IL,Beit Jala
IL,Bethlehem
IL,Bethshemesh
IL,Dimona
IL,Eilat
IL,Gerusaleme
IL,Givatayim
IL,Hadera
IL,Haifa
IL,Hatzor
IL,Herzliyya
IL,Hevron
IL,Hod Hasharon
IL,Holon
IL,Jerusalem
IL,Karmi'el
IL,Kfar saba
IL,Kiryat Ata
IL,Kiryat Ekron
IL,Kiryat Gat
IL,Kiryat Haim
IL,Kiryat Motzkin
IL,Kiryat Shemoneh
IL,Kuryat Bialik
IL,Lod
IL,Maaleh Hahamishah
IL,Maalot
IL,Modiin
IL,Nablus
IL,Nahariya
IL,Natanya
IL,Nazareth Illit
IL,Nesher
IL,Ness Ziona
IL,Palestine
IL,Petach Tikva
IL,Petah Tiqva
IL,Raanana
IL,Ramallah
IL,Ramat Gan
IL,Ramat Hasharon
IL,Rechovot
IL,Rehovot
IL,Rishon Le Zion
IL,Safed
IL,Tel Aviv
IL,Tiberias
IL,Yavne
IL,Yehud
IL,Yeroham
IT,Abano Terme
IT,Acqui Terme
IT,Agrigento
IT,Alagna Valsesia
IT,Alba
IT,Albenga
IT,Alghero
IT,Alpignano
IT,Amalfi
IT,Ancona
IT,Aosta
IT,Arese
IT,Arezzo
IT,Ascoli Piceno
IT,Assago
IT,Assisi
IT,Asti
IT,Augusta
IT,Avellino
IT,Bari
IT,Bassano Del Grappa
IT,Belmonte Mezzagno
IT,Benevento
IT,Bergamo
IT,Biella
IT,Bologna
IT,Bolzano
IT,Bordighera
IT,Borgomanero
IT,Borgosesia
IT,Bottegone
IT,Brembate
IT,Brescia
IT,Budoia
IT,Burolo
IT,Cagliari
IT,Caltanissetta
IT,Campobasso
IT,Cantu
IT,Capo d'Orlando
IT,Capurso
IT,Cardano al Campo
IT,Carugate
IT,Caserta
IT,Castelfranco Veneto
IT,Castello di Cisterna
IT,Castelnuovo Di porto
IT,Castelvetrano
IT,Catania
IT,Catanzaro
IT,Cattolica
IT,Cecina
IT,Cervinia
IT,Cesena
IT,Chieti
IT,Cisterna
IT,Cittadella
IT,Civitavecchia
IT,Cologno Monzese
IT,Como
IT,Conegliano
IT,Conversano
IT,Cortina d'Ampezzo
IT,Cosenza
IT,Cremona
IT,Crotone
IT,Cuneo
IT,Enna
IT,Fermo
IT,Ferrara
IT,Fiesole
IT,Firenze
IT,Florence
IT,Floridia
IT,Foggia
IT,Foligno
IT,Follonica
IT,Forli
IT,Fregene
IT,Frosinone
IT,Frosolone
IT,Gaeta
IT,Gallarate
IT,Gambettola
IT,Genoa
IT,Genova
IT,Genzano Di Lucania
IT,Greve
IT,Grosseto
IT,Guastalla
IT,Guidonia
IT,Imola
IT,Imperia
IT,Ivrea
IT,Jesi
IT,L'Aquila
IT,La Maddalena
IT,La Spezia
IT,Lainate
IT,Lamezia Terme
IT,Latina
IT,Lecce
IT,Lecco
IT,Lignano
IT,Lissone
IT,Livorno
IT,Lodi
IT,Lonate Pozzolo
IT,Lucca
IT,Macerata
IT,Maglie
IT,Malcesine
IT,Maniago
IT,Mantova
IT,Marino
IT,Massa
IT,Matera
IT,Merano
IT,Merate
IT,Messina
IT,Milano
IT,Milazzo
IT,Mirano
IT,Modena
IT,Moncalieri
IT,Monopoli
IT,Montessoro
IT,Monza
IT,Napoli
IT,Noceto
IT,Novara
IT,Nuoro
IT,Olbia
IT,Oleggio
IT,Olgiate Molgora
IT,Olgiate Olona
IT,Omegna
IT,Oristano
IT,Osimo
IT,Ostia
IT,Padova
IT,Palermo
IT,Palmi
IT,Parma
IT,Paterno
IT,Pavia
IT,Pedavena
IT,Perugia
IT,Pesaro
IT,Pescara
IT,Piacenza
IT,Pinerolo
IT,Piove di Sacco
IT,Pisa
IT,Pistoia
IT,Pordenone
IT,Portofino
IT,Potenza
IT,Prato
IT,Putignano
IT,Rapallo
IT,Ravenna
IT,Reggio Emilia
IT,Reggio di Calabria
IT,Ribera
IT,Rimini
IT,Riomaggiore
IT,Rome
IT,Rovigo
IT,Sala Biellese
IT,Sala Bolognese
IT,Sala Consilina
IT,Salerno
IT,San Benedetto Del Tronto
IT,San Remo
IT,San Secondo Parmense
IT,Santa Marinella
IT,Sassari
IT,Savona
IT,Scandiano
IT,Selargius
IT,Sestri Levante
IT,Settimo Torinese
IT,Siena
IT,Siracusa
IT,Solofra
IT,Sondrio
IT,Sorrento
IT,Spoleto
IT,Taranto
IT,Terni
IT,Terrasini
IT,Thiene
IT,Torino
IT,Torre Pellice
IT,Torre del Greco
IT,Trapani
IT,Trecate
IT,Trento
IT,Treviglio
IT,Treviso
IT,Trieste
IT,Turin
IT,Udine
IT,Valenza
IT,Valtournenche
IT,Varallo Sesia
IT,Varese
IT,Venice
IT,Verbania
IT,Verona
IT,Viareggio
IT,Vibo Valentia
IT,Vicenza
IT,Vigevano
IT,Vimercate
IT,Viterbo
IT,Voghera
JM,Adelphi
JM,Amity Hall
JM,Anchovy
JM,Bickersteth
JM,Braeton
JM,Browns Town
JM,Bushy Park
JM,Cambridge
JM,Catadupa
JM,Central Village
JM,Chapelton
JM,Chatham
JM,Chigwell
JM,Claremont
JM,Copse
JM,Denbigh
JM,Discovery Bay
JM,Duncans
JM,Falmouth
JM,Flagstaff
JM,Flower Hill
JM,Four Paths
JM,Freetown
JM,Gales Valley
JM,Garlands
JM,Golden Spring
JM,Gordon Town
JM,Goshen
JM,Grange Hill
JM,Gregory Park
JM,Guilsbro
JM,Half Way Tree
JM,Harbour Head
JM,Highgate
JM,Hopeton
JM,Innswood
JM,Johns Hall
JM,Kellits
JM,Kendal
JM,Kensington
JM,Kingston
JM,Lethe
JM,Lima
JM,Lime Hall
JM,Linstead
JM,Lionel Town
JM,Lottery
JM,Lucea
JM,Lydford
JM,Mandeville
JM,Marlie Mount
JM,Maroon Town
JM,May Pen
JM,Middle Quarters
JM,Milk River Bath
JM,Mocho
JM,Moneague
JM,Montego Bay
JM,Montpelier
JM,Morant Bay
JM,Mount Carey
JM,Naggo Head
JM,Nain
JM,Negril
JM,Ocho Rios
JM,Old Harbour
JM,Palmers
JM,Passage Fort
JM,Point
JM,Port Maria
JM,Portmore
JM,Porus
JM,Race Course
JM,Reading
JM,Rest
JM,Rhymesbury
JM,Rio Bueno
JM,Salt Spring
JM,Seven Rivers
JM,Shettlewood
JM,Somerton
JM,Spanish Town
JM,Spot Valley
JM,Spring Mount
JM,Spring Vale
JM,Spring Village
JM,Springfield
JM,Spur Tree
JM,Stanberry Grove
JM,Stony Hill
JM,Unity Hall
JM,Wiltshire
JP,Abiko
JP,Aikawa
JP,Akashi
JP,Akita
JP,Amagasaki-City
JP,Anjo
JP,Annaka
JP,Aomori
JP,Arita
JP,Asahikawa
JP,Ashikaga
JP,Ashiya
JP,Aso
JP,Atsugi
JP,Beppu
JP,Chiba
JP,Chichibu
JP,Chino
JP,Chitose
JP,Choshi
JP,Ebetsu
JP,Fuji
JP,Fujinomiya
JP,Fujisawa
JP,Fujishiro
JP,Fukagawa
JP,Fukue
JP,Fukui
JP,Fukuoka
JP,Funabashi
JP,Futtsu
JP,Gifu
JP,Ginowan
JP,Ginoza
JP,Gotemba
JP,Gunma
JP,Hachijojima
JP,Hachioji
JP,Hadano
JP,Hakodate
JP,Hamada
JP,Hamamatsu
JP,Hanamaki
JP,Handa
JP,Hanno
JP,Hashimoto
JP,Hekinan
JP,Higashimurayama
JP,Higashiosaka
JP,Hikone
JP,Himeji
JP,Hino
JP,Hirara
JP,Hiratsuka
JP,Hiroshima
JP,Hitachi
JP,Hondo
JP,Ibaraki
JP,Ichihara
JP,Ichikawa
JP,Ichikawadaimon
JP,Ikata
JP,Ikawa
JP,Imabari
JP,Imaichi
JP,Imazu
JP,Isahaya
JP,Isesaki
JP,Itayanagi
JP,Iwai
JP,Iwaki
JP,Iwakuni
JP,Iwamizawa
JP,Iwanuma
JP,Iwata
JP,Izuhara
JP,Izumo
JP,Kadena
JP,Kagoshima
JP,Kaibara
JP,Kaizuka
JP,Kakegawa
JP,Kamagaya
JP,Kameoka
JP,Kanayama
JP,Kanazawa
JP,Kanoya
JP,Kanzaki
JP,Kashiwa
JP,Kasugai
JP,Kawagoe
JP,Kawanishi
JP,Kawasaki
JP,Kijima
JP,Kiryu
JP,Kisarazu
JP,Kishiwada
JP,Kitakami
JP,Kitakyushu
JP,Kitami
JP,Kobe
JP,Kochi
JP,Kofu
JP,Komaki
JP,Komatsu
JP,Kuji
JP,Kumamoto
JP,Kurashiki
JP,Kure
JP,Kuroishi
JP,Kurume
JP,Kusatsu
JP,Kushikino
JP,Kushimoto
JP,Kushiro
JP,Kyoto
JP,Maebashi
JP,Maizuru
JP,Makino
JP,Matsue
JP,Matsumoto
JP,Matsuto Shi
JP,Matsuyama
JP,Matsuzaki
JP,Meguro
JP,Memuro
JP,Mikawa
JP,Miki
JP,Mikkabi
JP,Minori
JP,Misawa
JP,Mishima
JP,Mitaka
JP,Mito
JP,Miyako
JP,Miyakojima
JP,Miyazaki
JP,Miyazu
JP,Mombetsu
JP,Morioka
JP,Moriyama
JP,Motoyama
JP,Muko
JP,Mure
JP,Nagano
JP,Naganohara
JP,Nagaoka
JP,Nagareyama
JP,Nagasaki
JP,Nagata
JP,Nago
JP,Nagoya
JP,Naha
JP,Nakatsu
JP,Narashino
JP,Narita
JP,Naruto
JP,Naze
JP,Nemuro
JP,Nerima
JP,Niigata
JP,Nirasaki
JP,Nishinomiya
JP,Nishiwaki
JP,Nobeoka
JP,Noshiro
JP,Numazu
JP,Nyuzen
JP,Obihiro
JP,Odawara
JP,Ohara
JP,Ohi
JP,Ohito
JP,Oiso
JP,Oita
JP,Okaya
JP,Okayama
JP,Okazaki
JP,Okinawa
JP,Omiya
JP,Omuta
JP,Onahama
JP,Ono
JP,Osaka
JP,Oshima
JP,Ota
JP,Otsu
JP,Owase
JP,Ryuo
JP,Saigo
JP,Sakado
JP,Sakai
JP,Sanda
JP,Sapporo
JP,Saroma
JP,Sasayama
JP,Sasebo
JP,Sawara
JP,Sayama
JP,Sendai
JP,Shimada
JP,Shimizu
JP,Shimoda
JP,Shimukappu
JP,Shingu
JP,Shiojiri
JP,Shizunai
JP,Shizuoka
JP,Shobu
JP,Soka
JP,Suita
JP,Suttsu
JP,Suwa
JP,Suzuka
JP,Tachikawa
JP,Tahara
JP,Tajimi
JP,Takahagi
JP,Takaishi
JP,Takamatsu
JP,Takaoka
JP,Takarazuka
JP,Takasaki
JP,Takatsuki
JP,Takayama
JP,Takeo
JP,Takino
JP,Tamana
JP,Tateyama
JP,Tatsuno
JP,Teshio
JP,Toba
JP,Tobaru
JP,Tokorozawa
JP,Tokushima
JP,Tokyo
JP,Tondabayashi
JP,Tottori
JP,Toyama
JP,Toyokawa
JP,Toyonaka
JP,Toyota
JP,Tsukuba
JP,Tsuru
JP,Tsuruoka
JP,Tsuruta
JP,Tsushima
JP,Tsuyama
JP,Urakawa
JP,Urasa
JP,Urawa
JP,Urayasu
JP,Utsunomiya
JP,Wajima
JP,Wakamatsu
JP,Wakayama
JP,Wakkanai
JP,Warabi
JP,Yamanouchi
JP,Yamauchi
JP,Yao
JP,Yashiro
JP,Yatabe
JP,Yokaichi
JP,Yokkaichi
JP,Yokohama
JP,Yokosuka
JP,Yokota
JP,Yonezawa
JP,Yotsukaido
JP,Yumesaki
JO,Amman
JO,Aqaba
JO,Az Zarqa
JO,Irbid
JO,Karak
JO,Madaba
KZ,Almaty
KZ,Aqtobe
KZ,Astana
KZ,Karaganda
KZ,Kokshetau
KZ,Kostanai
KZ,Oral
KZ,Pavlodar
KZ,Semipalatinsk
KZ,Zhambyl
KE,Eldoret
KE,Embu
KE,Kakamega
KE,Kisumu
KE,Kitale
KE,Meru
KE,Mombasa
KE,Nairobi
KE,Naivasha
KE,Nakuru
KE,Nyeri
KW,Ahmadi
KW,Al Farwaniyah
KW,Al Sharq
KW,Bayan
KW,Jahra
KW,Khalidia
KW,Kuwait
KW,Mishref
KW,Safat
KW,Salmiya
KW,Salwa
KG,Bishkek
KG,Karakol
LA,Vientiane
LV,Jurmala
LV,Liepaja
LV,Ligatne
LV,Riga
LV,Salaspils
LV,Sigulda
LV,Ventspils
LB,Amioun
LB,Ashrafieh
LB,Beirut
LB,Jbeil
LB,Jounieh
LB,Tripoli
LS,Maseru
LR,Clay-Ashland
LR,Gbarnga
LR,Monrovia
LR,Turnersville
LY,Tripoli
LI,Vaduz
LT,Akmene
LT,Alytaus
LT,AnykSciai
LT,Ariogala
LT,Baltoji Voke
LT,Birstonas
LT,Birzai
LT,Daugai
LT,Dotnuva
LT,Druskininkai
LT,DukStas
LT,Dusetos
LT,Eisiskes
LT,Elektrenai
LT,Ezerelis
LT,Gargzdai
LT,Garliava
LT,Gelgaudiskis
LT,Grigiskes
LT,Ignalina
LT,Jieznas
LT,Jonava
LT,JoniSkelis
LT,JoniSkis
LT,Juodupe
LT,Jurbarkas
LT,Kacergine
LT,Kaisiadorys
LT,Kalvarija
LT,Kaunas
LT,Kavarskas
LT,Kazlu Ruda
LT,Kedainiai
LT,Kelme
LT,Klaipeda
LT,Kretinga
LT,Kudirkos Naumiestis
LT,Kulautuva
LT,KupiSkis
LT,KurSenai
LT,Kybartai
LT,Lazdijai
LT,Lentvaris
LT,Linkuva
LT,Marijampole
LT,Mazeikiai
LT,Moletai
LT,Naujoji Akmene
LT,Nemencine
LT,Neringa
LT,Obeliai
LT,Pabrade
LT,Pagegiai
LT,Pakruojis
LT,Palanga
LT,Pandelys
LT,Panemune
LT,Panevezys
LT,Pasvalys
LT,Plunge
LT,Priekule
LT,Prienai
LT,RadviliSkis
LT,Ramygala
LT,Raseiniai
LT,Rietavas
LT,RokiSkis
LT,Rudiskes
LT,Rusne
LT,Sakiai
LT,Salantai
LT,Salcininkai
LT,Seda
LT,Seduva
LT,Siauliai
LT,Silale
LT,Silute
LT,Simnas
LT,Sirvintos
LT,Skaudvile
LT,Skuodas
LT,Smalininkai
LT,Subacius
LT,Svencioneliai
LT,Svencionys
LT,Taurage
LT,TelSiai
LT,Trakai
LT,TroSkunai
LT,Turmantas
LT,Tyruliai
LT,Tytuvenai
LT,Ukmerge
LT,Utena
LT,Uzventis
LT,Vabalninkas
LT,Varena
LT,Varniai
LT,Veisiejai
LT,Venta
LT,ViekSniai
LT,Vievis
LT,Vilkaviskis
LT,Vilkija
LT,Vilnius
LT,Virbalis
LT,Visaginas
LT,Zagare
LT,Zarasai
LT,Zemaiciu Naumiestis
LT,Ziezmariai
LU,Bertrange
LU,Bourscheid
LU,Clervaux
LU,Diekirch
LU,Differdange
LU,Dudelange
LU,Esch-Sur-Alzette
LU,Ettelbruck
LU,Hesperange
LU,Luxembourg
LU,Petange
LU,Pontpierre
LU,Strassen
MO,Macau
MG,Antananarivo
MG,Madagascar
MG,Nosy-Be
MG,Tulear
MW,Blantyre
MW,Lilongwe
MY,Alor Setar
MY,Ampang
MY,Arau
MY,Bangi
MY,Batu Pahat
MY,Bayan Lepas
MY,Beaufort
MY,Bentong
MY,Butterworth
MY,Cheras
MY,Cyberjaya
MY,Dengkil
MY,Dungun
MY,George Town
MY,Ipoh
MY,Jasin
MY,Jelebu
MY,Jerantut
MY,Jerteh
MY,Jitra
MY,Johor Baharu
MY,Kajang
MY,Kampar
MY,Kangar
MY,Kemaman
MY,Klang
MY,Kluang
MY,Kota Bharu
MY,Kota Kinabalu
MY,Kota Tinggi
MY,Kuala Kangsar
MY,Kuala Lumpur
MY,Kuala Pilah
MY,Kuala Terengganu
MY,Kuantan
MY,Kuching
MY,Kudat
MY,Kulim
MY,Labuan
MY,Malacca
MY,Miri
MY,Muar
MY,Nabawan
MY,Penang
MY,Petaling Jaya
MY,Pontian
MY,Prai
MY,Puchong
MY,Pulau Pinang
MY,Raub
MY,Sandakan
MY,Segamat
MY,Selayang Jaya
MY,Sentul
MY,Serdang
MY,Seremban
MY,Shah Alam
MY,Sibu
MY,Sitiawan
MY,Sri Aman
MY,Subang Jaya
MY,Sungai Petani
MY,Taiping
MY,Tawau
MY,Teluk Intan
MY,Ulu Kelang
MV,Male
ML,Bamako
ML,Gao
ML,Mopti
ML,Tessalit
ML,Tombouctou
MT,Attard
MT,Birzebbugia
MT,Cospicua
MT,Ghaxaq
MT,Gudja
MT,Luqa
MT,Mosta
MT,Msida
MT,Paola
MT,Rabat
MT,Saint Julians
MT,Saint Venera
MT,San Gwann
MT,Siggiewi
MT,Sliema
MT,Tarxien
MT,Valletta
MT,Victoria
MT,Zebbug
MT,Zejtun
MT,Zurrieq
MH,Kwajalein
MH,Majuro
MQ,Fort-De-France
MR,Nouakchott
MU,Port Louis
MU,Quatre Bornes
MX,Acambaro
MX,Acapulco
MX,Agua Prieta
MX,Aguascalientes
MX,Ajijic
MX,Akumal
MX,Alamos
MX,Allende
MX,Apatzingan
MX,Arizpe
MX,Atizapán De Zaragoza
MX,Atotonilco
MX,Autlan De Navarro
MX,Baja San Quintin
MX,Cabo San Lucas
MX,Caborca
MX,Campeche
MX,Cananea
MX,Cancun
MX,Cardel
MX,Celaya
MX,Chapala
MX,Chetumal
MX,Chignahuapan
MX,Chihuahua
MX,Chilpancingo
MX,Cholula
MX,Ciudad Acuna
MX,Ciudad Del Carmen
MX,Ciudad Guzman
MX,Ciudad Juarez
MX,Ciudad Lerdo
MX,Ciudad Madero
MX,Ciudad Obregon
MX,Ciudad Victoria
MX,Ciudad de México
MX,Coatzacoalcos
MX,Colima
MX,Cordoba
MX,Cosala
MX,Coyoacan
MX,Cozumel
MX,Cuernavaca
MX,Culiacan
MX,Cumpas
MX,Delicias
MX,Durango
MX,Dzidzantun
MX,El Rosario
MX,Empalme
MX,Ensenada
MX,Estado De Mexico
MX,Fresnillo
MX,Gomez Palacio
MX,Guadalajara
MX,Guamuchil
MX,Guanajuato
MX,Guaymas
MX,Hermosillo
MX,Heroica Caborca
MX,Hidalgo
MX,Huatabampo
MX,Irapuato
MX,Ixtapa
MX,Jacona
MX,Jalapa
MX,Juan Aldama
MX,Juarez
MX,La Barca
MX,La Paz
MX,Lagos De Moreno
MX,Lazaro Cardenas
MX,Leon
MX,Linares
MX,Loreto
MX,Los Mochis
MX,Maneadero
MX,Manzanillo
MX,Matamoros
MX,Matehuala
MX,Mazatlan
MX,Mérida
MX,Metepec
MX,Mexicali
MX,Mexico
MX,Monclova
MX,Monterrey
MX,Morelia
MX,Morelos
MX,Mulege
MX,Nacozari De Garcia
MX,Naucalpan
MX,Navojoa
MX,Nogales
MX,Nuevo Laredo
MX,Oaxaca
MX,Ocotlan
MX,Orizaba
MX,Pachuca
MX,Parral
MX,Pi edras Negras
MX,Piedras Negras
MX,Playa Del Carmen
MX,Poncitlan
MX,Poza Rica
MX,Progreso
MX,Puebla
MX,Puerto Angel
MX,Puerto Escondido
MX,Puerto Juarez
MX,Puerto Penasco
MX,Puerto Vallarta
MX,Queretaro
MX,Reynosa
MX,Rosario
MX,Rosarito
MX,Sabinas
MX,Sahuaripa
MX,Salamanca
MX,Salina Cruz
MX,Saltillo
MX,Salvatierra
MX,San Cristobal De Las Casas
MX,San Felipe
MX,San Jose Del Cabo
MX,San Juan Del Rio
MX,San Luis Potosi
MX,San Luis Rio Colorado
MX,San Miguel De Allende
MX,San Nicolas de los Garza
MX,Santa Rosalia
MX,Sayula
MX,Sayulita
MX,Tampico
MX,Taxco
MX,Tecate
MX,Tecomán
MX,Tehuantepec
MX,Tepatitlan
MX,Tepic
MX,Tijuana
MX,Tixtla De Guerrero
MX,Tlaquepaque
MX,Tlaxcala
MX,Todos Santos
MX,Toluca
MX,Torreon
MX,Tula
MX,Tulancingo
MX,Tuxpan
MX,Tuxtla Gutierrez
MX,Ures
MX,Uruapan
MX,Valle De Bravo
MX,Valle de Santiago
MX,Valles
MX,Veracruz
MX,Villahermosa
MX,Xalapa
MX,Zacatecas
MX,Zapopan
MX,Zihuatanejo
MD,Chisinau
MD,Tiraspol
MC,Monaco
MC,Monte-Carlo
MN,Altai
MN,Bulgan
MN,Choibalsan
MN,Darhan
MN,Erdenet
MN,Hovd
MN,Moron
MN,Olgii
MN,Ondorhaan
MN,Suhbaatar
MN,Tsetserleg
MN,Ulaanbaatar
MN,Ulaangom
MA,Agadir
MA,Casablanca
MA,Fez
MA,Marrakesh
MA,Meknes
MA,Oujda
MA,Rabat
MA,Tafraout
MA,Tangier
MA,Tetouan
MZ,Maputo
MZ,Nampula
NA,Oshakati
NA,Otjiwarongo
NA,Rundu
NA,Swakopmund
NA,Tsumeb
NA,Walvis Bay
NA,Windhoek
NP,Banepa
NP,Dharan
NP,Kathmandu
NP,Lalitpur
NL,Aagtekerke
NL,Aalsmeer
NL,Aarle-Rixtel
NL,Alkmaar
NL,Almelo
NL,Almere
NL,Alphen Aan Den Rijn
NL,Amersfoort
NL,Amstelveen
NL,Amsterdam
NL,Apeldoorn
NL,Arnhem
NL,Assen
NL,Baarn
NL,Barneveld
NL,Bathmen
NL,Beek
NL,Beilen
NL,Bergen op Zoom
NL,Berkel En Rodenrijs
NL,Berkhout
NL,Beverwijk
NL,Biddinghuizen
NL,Bilthoven
NL,Breda
NL,Bunnik
NL,Capelle Aan Den Ijssel
NL,Castricum
NL,Coevorden
NL,Culemborg
NL,De Bilt
NL,Delft
NL,Den Helder
NL,Deventer
NL,Dieren
NL,Doetinchem
NL,Dongen
NL,Dordrecht
NL,Drachten
NL,Driebergen
NL,Dronten
NL,Drunen
NL,Edam
NL,Ede
NL,Eefde
NL,Eindhoven
NL,Emmeloord
NL,Emmen
NL,Enkhuizen
NL,Enschede
NL,Franeker
NL,Geleen
NL,Gemert
NL,Genemuiden
NL,Gilze
NL,Goes
NL,Gouda
NL,Groningen
NL,Haarlem
NL,Hardegarijp
NL,Harderwijk
NL,Harlingen
NL,Heemse
NL,Heemskerk
NL,Heemstede
NL,Heerenveen
NL,Heerhugowaard
NL,Heerlen
NL,Helden
NL,Helmond
NL,Hengelo
NL,Hengstdijk
NL,Heusden
NL,Hillegom
NL,Hilversum
NL,Hoofddorp
NL,Hoogeveen
NL,Hoorn
NL,Huizen
NL,Julianadorp
NL,Kampen
NL,Kapelle
NL,Katwijk
NL,Kerk-Avezaath
NL,Klimmen
NL,Kootstertille
NL,Kraggenburg
NL,Krommenie
NL,Kruiningen
NL,Laren
NL,Leersum
NL,Leeuwarden
NL,Leiden
NL,Leiderdorp
NL,Leidschendam
NL,Lelystad
NL,Lisse
NL,Maarssen
NL,Maassluis
NL,Maastricht
NL,Marknesse
NL,Medemblik
NL,Meppel
NL,Middelburg
NL,Molenaarsgraaf
NL,Moordrecht
NL,Muiden
NL,Naaldwijk
NL,Neede
NL,Nieuwegein
NL,Nijmegen
NL,Noordwijk
NL,Oldenzaal
NL,Oosterbeek
NL,Oosterhout
NL,Oss
NL,Oudega
NL,Pijnacker
NL,Poortugaal
NL,Purmerend
NL,Raalte
NL,Renesse
NL,Rhenen
NL,Roden
NL,Roermond
NL,Roosendaal
NL,Rosmalen
NL,Rotterdam
NL,S-Hertogenbosch
NL,Scheveningen
NL,Schiedam
NL,Sittard
NL,Sliedrecht
NL,Sluis
NL,Sneek
NL,Soest
NL,Spijkenisse
NL,Stadskanaal
NL,Stein
NL,Terheijden
NL,Terneuzen
NL,The Hague
NL,Tiel
NL,Tilburg
NL,Uden
NL,Uitgeest
NL,Utrecht
NL,Valkenswaard
NL,Veenendaal
NL,Veldhoven
NL,Venlo
NL,Venray
NL,Vianen
NL,Vlaardingen
NL,Vlissingen
NL,Volkel
NL,Voorburg
NL,Waalwijk
NL,Wageningen
NL,Weert
NL,Weesp
NL,Westkapelle
NL,Winterswijk
NL,Woensdrecht
NL,Woerden
NL,Wolvega
NL,Zaandam
NL,Zaltbommel
NL,Zeist
NL,Zevenaar
NL,Zierikzee
NL,Zoetermeer
NL,Zuidwolde
NL,Zundert
NL,Zutphen
NL,Zwartsluis
NL,Zwijndrecht
NL,Zwolle
NC,Noumea
NZ,Albany
NZ,Alexandra
NZ,Ashburton
NZ,Ashhurst
NZ,Auckland
NZ,Blenheim
NZ,Christchurch
NZ,Dunedin
NZ,Gisborne
NZ,Gore
NZ,Greymouth
NZ,Hamilton
NZ,Hastings
NZ,Howick
NZ,Invercargill
NZ,Kaikohe
NZ,Lower Hutt
NZ,Manukau City
NZ,Manurewa
NZ,Masterton
NZ,Napier
NZ,Nelson
NZ,New Plymouth
NZ,North Shore
NZ,Palmerston North
NZ,Papatoetoe
NZ,Porirua
NZ,Queenstown
NZ,Rotorua
NZ,Russell
NZ,Takapuna
NZ,Taupo
NZ,Tauranga
NZ,Te Puke
NZ,Timaru
NZ,Tokoroa
NZ,Upper Hutt
NZ,Wairoa
NZ,Waitakere
NZ,Waitara
NZ,Wanganui
NZ,Wellington
NZ,Whakatane
NZ,Whangarei
NZ,Winton
NI,Bluefields
NI,Corinto
NI,Diriamba
NI,Esteli
NI,Granada
NI,Jalapa
NI,Jinotega
NI,Jinotepe
NI,Juigalpa
NI,Laguna De Perlas
NI,Leon
NI,Managua
NI,Masaya
NI,Ocotal
NI,Posoltega
NI,Puerto Cabezas
NI,Rama
NI,Rivas
NI,San Isidro
NI,San Jorge
NI,San Marcos
NI,San Rafael
NI,Santo Domingo
NI,Somoto
NI,Waspan
NE,Niamey
NG,Abuja
NG,Asaba
NG,Benin City
NG,Ibadan
NG,Ile-Ife
NG,Kaduna
NG,Lagos
NG,Oshogbo
NG,Owerri
NG,Port Harcourt
NG,Sapele
NG,Warri
NF,Burnt Pine
NF,Kingston
MP,Saipan
NO,Aalesund
NO,Alesund
NO,Andalsnes
NO,Arendal
NO,As
NO,Asker
NO,Askim
NO,Bergen
NO,Berlevåg
NO,Bodo
NO,Bronnoysund
NO,Dombås
NO,Drammen
NO,Egersund
NO,Elverum
NO,Engavågen
NO,Fagernes
NO,Farsund
NO,Flekkefjord
NO,Flisa
NO,Førde
NO,Fredrikstad
NO,Frogner
NO,Gjerdrum
NO,Gjovik
NO,Grimstad
NO,Halden
NO,Hamar
NO,Hammerfest
NO,Harstad
NO,Haugesund
NO,Hønefoss
NO,Horten
NO,Hvittingfoss
NO,Isfjorden
NO,Jessheim
NO,Jevnaker
NO,Jørpeland
NO,Kjeller
NO,Kongsberg
NO,Kongsvinger
NO,Kristiansand
NO,Kristiansund
NO,Langesund
NO,Larvik
NO,Levanger
NO,Lillehammer
NO,Lillestrøm
NO,Mo i Rana
NO,Mo
NO,Moelv
NO,Molde
NO,Mosjoen
NO,Moss
NO,Naerbo
NO,Namsos
NO,Narvik
NO,Notodden
NO,Nydalen
NO,Oksfjord
NO,Ornes
NO,Oslo
NO,Porsgrunn
NO,Roros
NO,Sandefjord
NO,Sandnes
NO,Sandnessjoen
NO,Sandvika
NO,Sarpsborg
NO,Skien
NO,Skjeberg
NO,Slemmestad
NO,Sogndal
NO,Son
NO,Sørreisa
NO,Sortland
NO,Stavanger
NO,Steinkjer
NO,Stjordal
NO,Stokmarknes
NO,Stryn
NO,Sunndal
NO,Sunndalsora
NO,Svelvik
NO,Svolvaer
NO,Tønsberg
NO,Tromso
NO,Trondheim
NO,Tvedestrand
NO,Tynset
NO,Vadso
NO,Verdalsoren
NO,Volda
NO,Voss
OM,Masqat
OM,Muscat
OM,Ruwi
OM,Sur
PK,Abbottabad
PK,Attock
PK,Burewala
PK,Chiniot
PK,Dera Ismail Khan
PK,Faisalabad
PK,Gilgit
PK,Gujranwala
PK,Hunza
PK,Hyderabad
PK,Hyderadad
PK,Islamabad
PK,Jhang Sadar
PK,Kamalia
PK,Kamoki
PK,Karachi
PK,Khewra
PK,Lahore
PK,Lalamusa
PK,Mardan
PK,Mirpur
PK,Multan
PK,Muzaffargarh
PK,Peshawar
PK,Pind Dadan Khan
PK,Quetta
PK,Rahimyar Khan
PK,Rawalpindi
PK,Sargodha
PK,Shekhupura
PK,Sialkot
PW,Meyungs
PA,Aguadulce
PA,Alanje
PA,Anton
PA,Bambito
PA,Bocas Del Toro
PA,Boquete
PA,Cerro Punta
PA,Changuinola
PA,Chiriqui
PA,Chitre
PA,Cocle
PA,Colon
PA,Concepcion
PA,David
PA,Dolega
PA,El Varital
PA,Gualaca
PA,La Primavera
PA,Las Tablas
PA,Loma Colorada
PA,Los Santos
PA,Panama City
PA,Pedregal
PA,Penonome
PA,Portobelo
PA,Puerto Armuelles
PA,Rainbow City
PA,Remedios
PA,San Cristobal
PA,San Lorenzo
PA,San Mateo
PA,San Pablo
PA,Santa Cruz
PA,Santiago
PA,Veraguas
PA,Volcan
PG,Goroka
PG,Hoskins
PG,Lae
PG,Madang
PG,Mount Hagen
PG,Port Moresby
PY,Asuncion
PY,Capiata
PY,Ciudad Del Este
PY,Fernando De La Mora
PY,Lambare
PY,Limpio
PY,Luque
PY,Mariano Roque Alonso
PY,San Lorenzo
PY,Santa Maria
PY,Villa Elisa
PE,Andahuaylas
PE,Aplao
PE,Arequipa
PE,Cajamarca
PE,Callao
PE,Camana
PE,Caras
PE,Cayma
PE,Chimbote
PE,Collique
PE,Cuzco
PE,Iquitos
PE,Lima
PE,Magdalena
PE,Miraflores
PE,Piura
PE,Pucallpa
PE,Sabandia
PE,Socabaya
PE,Trujillo
PE,Yanahuara
PH,Alaminos
PH,Angeles City
PH,Antipolo
PH,Bacarra
PH,Bacolod
PH,Baguio
PH,Batangas
PH,Butuan City
PH,Cagayan De Oro
PH,Cagayan
PH,Cainta
PH,Camiling
PH,Canlubang
PH,Cavite City
PH,Cebu
PH,Dagupan City
PH,Davao
PH,Dipolog
PH,Dumaguete City
PH,Iloilo
PH,Kalibo
PH,Laguna
PH,Laoag
PH,Lapu-Lapu City
PH,Las Pinas City
PH,Legaspi
PH,Lipa City
PH,Makati
PH,Malabon
PH,Mandaluyong City
PH,Manila
PH,Marikina
PH,Muntinlupa
PH,Naga City
PH,Olongapo
PH,Palo
PH,Parañaque
PH,Pasay
PH,Pasig
PH,Pateros
PH,Puerto Galera
PH,Puerto Princesa
PH,Quezon City
PH,Quezon
PH,Roxas
PH,San Fernando
PH,San Juan
PH,San Pablo
PH,San Pedro
PH,Tacloban City
PH,Tagaytay
PH,Taytay
PH,Tuguegarao City
PH,Zamboanga City
PL,Bialystok
PL,Bielsko-Biala
PL,Boleslawiec
PL,Bydgoszcz
PL,Chojnice
PL,Czestochowa
PL,Elblag
PL,Elk
PL,Gdañsk
PL,Gdynia
PL,Gliwice
PL,Glogow
PL,Gorzow Wielkopolski
PL,Gulcz
PL,Jelenia Gora
PL,Katowice
PL,Kielce
PL,Koszalin
PL,Krakow
PL,Lodz
PL,Lomianki
PL,Lomza
PL,Lublin
PL,Lubno
PL,Milanowek
PL,Olsztyn
PL,Plock
PL,Poznan
PL,Pultusk
PL,Ropczyce
PL,Rypin
PL,Rzeszow
PL,Slomniki
PL,Stalowa Wola
PL,Suwalki
PL,Szczecin
PL,Tarnow
PL,Tomaszow Mazowiecki
PL,Torun
PL,Tychy
PL,Warsaw
PL,Wawelno
PL,Wolomin
PL,Wroclaw
PL,Zabrze
PL,Zawiercie
PL,Zielona Gora
PT,Abrantes
PT,Albufeira
PT,Almada
PT,Amadora
PT,Amora
PT,Angra Do Heroismo
PT,Arcos de Valdevez
PT,Aveiro
PT,Braga
PT,Caldas Da Rainha
PT,Carcavelos
PT,Cascais
PT,Coimbra
PT,Elvas
PT,Ericeira
PT,Evora
PT,Fafe
PT,Faro
PT,Funchal
PT,Guarda
PT,Guimarães
PT,Horta
PT,Lagoa
PT,Lagos
PT,Leiria
PT,Lisbon
PT,Loule
PT,Machico
PT,Madalena
PT,Maia
PT,Mangualde
PT,Massama
PT,Matosinhos
PT,Oeiras
PT,Oporto
PT,Paços de brandão
PT,Pombal
PT,Ponta Delgada
PT,Portalegre
PT,Porto
PT,Quarteira
PT,Queluz
PT,Ribeira Grande
PT,Santo João da Madeira
PT,Silves
PT,Sines
PT,Sintra
PT,Tavira
PT,Torres Vedras
PT,Trofa
PT,Valença
PT,Viana do Castelo
PT,Vila Do Porto
PT,Vila Franca de Xira
PT,Vila Nova de Gaia
PT,Vila Real de Santo António
PT,Vila do Conde
PT,Vilamoura
PT,Villa Franca Do Campo
PT,Viseu
PR,Aguadilla
PR,Aibonito
PR,Arecibo
PR,Barranquitas
PR,Bayamon
PR,Cabo Rojo
PR,Caguas
PR,Canovanas
PR,Carolina
PR,Cidra
PR,Culebra
PR,Fajardo
PR,Guaynabo
PR,Gurabo
PR,Humacao
PR,Isabel Segunda
PR,Isabela
PR,Manati
PR,Maunabo
PR,Mayagüez
PR,Ponce
PR,Rincon
PR,Rio Grande
PR,San Juan
PR,Santurce
PR,Toa Baja
PR,Yauco
QA,Al Wakra
QA,Al-Rayyan
QA,Doha
RO,Arad
RO,Bacau
RO,Baia Mare
RO,Birlad
RO,Borsa
RO,Brasov
RO,Bucharest
RO,Buzau
RO,Cluj-Napoca
RO,Constanta
RO,Craiova
RO,Galati
RO,Iasi
RO,Odorheiu
RO,Oradea
RO,Oravita
RO,Pitesti
RO,Ploiesti
RO,Salonta
RO,Satu Mare
RO,Sibiu
RO,Simeria
RO,Sinnicolaul Mare
RO,Steiu
RO,Timisoara
RO,Tirgu Mures
RO,Tulcea
RO,Turda
RU,Akademgorodok
RU,Apatity
RU,Archangelsk
RU,Artem
RU,Astrakhan
RU,Azov
RU,Barnaul
RU,Birobidzhan
RU,Biysk
RU,Borovichi
RU,Budennovsk
RU,Chelyabinsk
RU,Cherepovets
RU,Chita
RU,Chukchi
RU,Derbent
RU,Dikson
RU,Dmitrov
RU,Dubna
RU,Ekaterinburg
RU,Georgievsk
RU,Irkutsk
RU,Ishim
RU,Ivanovo
RU,Izhevsk
RU,Kaliningrad
RU,Kazan
RU,Kemerovo
RU,Khabarovsk
RU,Kislovodsk
RU,Konakovo
RU,Kotlas
RU,Krasnodar
RU,Krasnogorsk
RU,Krasnoyarsk
RU,Krestsy
RU,Kyakhta
RU,Lermontov
RU,Lomonosov
RU,Makhachkala
RU,Mineral'nyye Vody
RU,Moscow
RU,Murmansk
RU,Naberezhnye Chelny
RU,Nakhodka
RU,Nal'chik
RU,Nizhniy Novgorod
RU,Novgorod
RU,Novopavlovsk
RU,Novorossiisk
RU,Novosibirsk
RU,Obninsk
RU,Okha
RU,Omsk
RU,Orenburg
RU,Palatka
RU,Penza
RU,Pereslavl'-Zalesskiy
RU,Perm
RU,Petrozavodsk
RU,Provideniya
RU,Pryazha
RU,Pushkin
RU,Pushkino
RU,Pyatigorsk
RU,Raduznyj
RU,Rostov-On-Don
RU,Rubtsovsk
RU,Rybinsk
RU,Saint Petersburg
RU,Saratov
RU,Sarov
RU,Serpukhov
RU,Smolensk
RU,Sochi
RU,Sovetskaya Gavan
RU,Sredneural'sk
RU,Staraya Russa
RU,Surgut
RU,Syktyvkar
RU,Taldom
RU,Tambov
RU,Tikhvin
RU,Togliatti
RU,Tomsk
RU,Trekhgorny
RU,Troitsk
RU,Tynda
RU,Ufa
RU,Uglegorsk
RU,Ulan-Ude
RU,Vladikavkaz
RU,Vladivostok
RU,Volgograd
RU,Votkinsk
RU,Vyborg
RU,Yakutsk
RU,Yoshkar-Ola
RU,Zelenograd
RU,Zheleznogorsk
RW,Kigali
KN,Basseterre
LC,Castries
VC,Kingstown
WS,Apia
SM,San Marino
SA,Abha
SA,Al Khobar
SA,Al Madinah
SA,Dammam
SA,Dhahran
SA,Ha'il
SA,Jeddah
SA,Jiddah
SA,Jubail
SA,Mecca
SA,Ras Tanura
SA,Rass
SA,Riyadh
SA,Shaqra
SN,Dakar
SN,Kaolack
SN,Linguere
SN,Saint-Louis
SN,Ziguinchor
SC,Anse aux Pins
SC,Victoria
SL,Bo
SL,Freetown
SG,Bedok
SG,Bishan
SG,Bukit Batok
SG,Choa Chu Kang
SG,Clementi
SG,Jurong
SG,Pasir Ris
SG,Paya Lebar
SG,Queenstown
SG,Raffles Park
SG,Sembawang
SG,Serangoon
SG,Singapore
SG,Tampines
SG,Toa Payoh
SG,Woodlands
SG,Yishun
SK,Banska Bystrica
SK,Bardejov
SK,Bratislava
SK,Kosice
SK,Liptovsky Mikulas
SK,Nitra
SK,Nove Mesto nad Vahom
SK,Piestany
SK,Poprad
SK,Presov
SK,Spisska Nova Ves
SK,Trencin
SK,Trnava
SK,Zilina
SI,Celje
SI,Gorizia
SI,Gornja Radgona
SI,Hrastnik
SI,Koper
SI,Kranj
SI,Ljubljana
SI,Maribor
SI,Medvode
SI,Murska Sobota
SI,Naklo
SI,Novo Mesto
SI,Piran
SI,Ptuj
SI,Ravne na Koroskem
SI,Sentjost
SI,Trzic
SI,Velenje
SI,Vrhnika
SB,Honiara
SO,Bereeda
SO,Borama
SO,Galkacyo
SO,Muqdisho
ZA,Alberton
ZA,Ballito
ZA,Bedfordview
ZA,Bellville
ZA,Benoni
ZA,Boksburg
ZA,Brackenfell
ZA,Cape Town
ZA,Centurion
ZA,Durban
ZA,East london
ZA,Eshowe
ZA,Forest Hill
ZA,Forest Hills
ZA,Gauteng
ZA,George
ZA,Germiston
ZA,Grahamstown
ZA,Hazyview
ZA,Johannesburg
ZA,Kathu
ZA,Kempton Park
ZA,Kimberley
ZA,Klerksdorp
ZA,Kloof
ZA,Kuils River
ZA,Ladybrand
ZA,Lenasia
ZA,Loxton
ZA,Malelane
ZA,Margate
ZA,Middelburg
ZA,Midrand
ZA,Moorreesburg
ZA,Nelspruit
ZA,Newcastle
ZA,Nylstroom
ZA,Phalaborwa
ZA,Pietermaritzburg
ZA,Pinetown
ZA,Port Elizabeth
ZA,Pretoria
ZA,Randburg
ZA,Richards Bay
ZA,Rivonia
ZA,Robertson
ZA,Rustenburg
ZA,Sandton
ZA,Sasolburg
ZA,Secunda
ZA,Sishen
ZA,Somerset West
ZA,Soweto
ZA,Stellenbosch
ZA,Tzaneen
ZA,Umhlanga
ZA,Upington
ZA,Vanderbijlpark
ZA,Vereeniging
ZA,Welkom
ZA,Westville
ZA,White River
ZA,Witbank
ZA,Worcester
ES,A Coruña
ES,Albacete
ES,Alboraya
ES,Alcalá De Henares
ES,Alcora
ES,Aledo
ES,Algeciras
ES,Alicante
ES,Almeria
ES,Aroche
ES,Arrecife
ES,Arredondo
ES,Avila
ES,Aviles
ES,Badajoz
ES,Badalona
ES,Balaguer
ES,Barberà del Vallès
ES,Barcarrota
ES,Barcelona
ES,Basauri
ES,Bellvehi
ES,Benicasim
ES,Bergara
ES,Bilbao
ES,Burgos
ES,Burriana
ES,Cadiz
ES,Cartagena
ES,Castellón De la Plana
ES,Ciudadela
ES,Colmenar de Oreja
ES,Córdoba
ES,Crespia
ES,Cuenca
ES,Daganzo de Arriba
ES,El Prat De Llobregat
ES,El Puerto De Santa Maria
ES,Esparreguera
ES,Esplugues de Llobregat
ES,Getxo
ES,Gijon
ES,Girona
ES,Granada
ES,Huelva
ES,Huesca
ES,Huete
ES,Ibiza
ES,Igualada
ES,Jaen
ES,Jerez de la Frontera
ES,La Seu d'Urgell
ES,Las Palmas de Gran Canaria
ES,Las Palmas
ES,Leon
ES,Lleida
ES,Logroño
ES,Los Arcos
ES,Los Llanos De Aridane
ES,Lugo
ES,Madrid
ES,Mairena del Alcor
ES,Malaga
ES,Manresa
ES,Marbella
ES,Matadepera
ES,Mataro
ES,Mazarron
ES,Mérida
ES,Mollerusa
ES,Mostoles
ES,Murcia
ES,Navia
ES,Orihuela
ES,Oropesa
ES,Ourense
ES,Oviedo
ES,Palafrugell
ES,Palma de Mallorca
ES,Pamplona
ES,Petra
ES,Pinto
ES,Pontevedra
ES,Pozuelo de Alarcón
ES,Premià de Dalt
ES,Puerto de la Cruz
ES,Requena
ES,Reus
ES,Rojales
ES,Ronda
ES,Rota
ES,Sabadell
ES,Salamanca
ES,San Pedro del Pinatar
ES,San Sebastian
ES,Santa Cruz de Tenerife
ES,Santa Fe
ES,Santander
ES,Santiago de Compostela
ES,Segovia
ES,Sentmenat
ES,Sevilla
ES,Tacoronte
ES,Tarrasa
ES,Teruel
ES,Toledo
ES,Torrelles de Llobregat
ES,Torrevieja
ES,Tortosa
ES,Tres Cantos
ES,Valdepenas
ES,Valencia
ES,Valladolid
ES,Valldemosa
ES,Vera
ES,Vigo
ES,Vilanova I La Geltru
ES,Villanueva de la Cañada
ES,Vistabella del Maestrazgo
ES,Vitoria
ES,Yecla
ES,Zaragoza
LK,Badulla
LK,Bandarawela
LK,Colombo
LK,Gampaha
LK,Jaffna
LK,Nuwara Eliya
LK,Point Pedro
SD,Khartoum
SD,Port Sudan
SR,Paramaribo
SE,Ahus
SE,Alfta
SE,Alingsås
SE,Almhult
SE,Alvesta
SE,Amål
SE,Angelholm
SE,Arboga
SE,Arjäng
SE,Arjeplog
SE,Arvidsjaur
SE,Arvika
SE,Avesta
SE,Bålsta
SE,Bankeryd
SE,Barsebäck
SE,Båstad
SE,Bjärred
SE,Bjärsjölagård
SE,Bjästa
SE,Bjuröklubb
SE,Boden
SE,Boränget
SE,Borås
SE,Borlänge
SE,Botkyrka
SE,Bräcke
SE,Charlottenberg
SE,Danderyd
SE,Degerfors
SE,Dikanäs
SE,Dorotea
SE,Eksharad
SE,Eksjo
SE,Enköping
SE,Eskilstuna
SE,Eslöv
SE,Esrange
SE,Fagersta
SE,Falkenberg
SE,Falsterbo
SE,Falun
SE,Färjestaden
SE,Finspång
SE,Flen
SE,Frösön
SE,Frövi
SE,Gäddede
SE,Gallivare
SE,Gamleby
SE,Gammelstad
SE,Gävle
SE,Gislaved
SE,Gislövs Läge
SE,Götene
SE,Gothenburg
SE,Grebbestad
SE,Grillby
SE,Gunnarn
SE,Gustavsberg
SE,Hagshult
SE,Halmstad
SE,Hammenhög
SE,Haninge
SE,Haparanda
SE,Härnösand
SE,Hässleholm
SE,Hedemora
SE,Helsingborg
SE,Hemavan
SE,Hillerstorp
SE,Hjo
SE,Hofors
SE,Höganäs
SE,Höllviken
SE,Holmgård
SE,Höör
SE,Huddinge
SE,Hudiksvall
SE,Hultsfred
SE,Huskvarna
SE,Idvattnet
SE,Jakobsberg
SE,Jokkmokk
SE,Jonkoping
SE,Julita
SE,Kalix
SE,Kallax
SE,Kalmar
SE,Karesuando
SE,Karlsborg
SE,Karlshamn
SE,Karlskoga
SE,Karlskrona
SE,Karlstad
SE,Katrineholm
SE,Kinna
SE,Kiruna
SE,Kista
SE,Klimpfjäll
SE,Klippan
SE,Koping
SE,Kramfors
SE,Kristianstad
SE,Kristinehamn
SE,Kullen
SE,Kumla
SE,Kungälv
SE,Kungsbacka
SE,Kvikkjokk
SE,Laholm
SE,Lainio
SE,Landskrona
SE,Landsort
SE,Leksand
SE,Liden
SE,Lidingo
SE,Lidkoping
SE,Lindesberg
SE,Linköping
SE,Ljungby
SE,Ljungbyhed
SE,Ljungskile
SE,Ljusdal
SE,Ludvika
SE,Lulea
SE,Lund
SE,Lur
SE,Lycksele
SE,Lysekil
SE,Malexander
SE,Målilla
SE,Malmo
SE,Malung
SE,Mariestad
SE,Märsta
SE,Mölndal
SE,Mölnlycke
SE,Mora
SE,Motala
SE,Munkedal
SE,Munkfors
SE,Nacka
SE,Nässjo
SE,Nödinge
SE,Nordmaling
SE,Norrköping
SE,Norrtälje
SE,Nossebro
SE,Nybro
SE,Nyköping
SE,Nynäshamn
SE,Olofström
SE,Orebro
SE,Orminge
SE,Ornsköldsvik
SE,Osby
SE,Oskarshamn
SE,Ostersund
SE,Ostmark
SE,Overkalix
SE,Overtornea
SE,Oxelösund
SE,Pajala
SE,Partille
SE,Pitea
SE,Pukavik
SE,Ronneby
SE,Rönninge
SE,Rörbäcksnäs
SE,Sala
SE,Sandviken
SE,Särna
SE,Såtenäs
SE,Sigtuna
SE,Siljansnäs
SE,Skara
SE,Skarsa
SE,Skelleftea
SE,Skillingsfors
SE,Skövde
SE,Skummeslövsstrand
SE,Söderhamn
SE,Soderkoping
SE,Södertälje
SE,Solleftea
SE,Sollentuna
SE,Solna
SE,Sölvesborg
SE,Ställdalen
SE,Stenungsund
SE,Stockholm
SE,Storlien
SE,Strängnäs
SE,Strömstad
SE,Sundbyberg
SE,Sundsvall
SE,Sunne
SE,Svanesund
SE,Sveg
SE,Svenskär
SE,Taby
SE,Tällberg
SE,Tanumshede
SE,Tierp
SE,Töreboda
SE,Torsby
SE,Tranås
SE,Trelleborg
SE,Trollhättan
SE,Trosa
SE,Tvååker
SE,Tyreso
SE,Uddevalla
SE,Ulricehamn
SE,Umea
SE,Uplands Väsby
SE,Uppsala
SE,Valdemarsvik
SE,Vallentuna
SE,Vanersborg
SE,Vansbro
SE,Varberg
SE,Varnamo
SE,Västerås
SE,Västervik
SE,Vaxholm
SE,Vaxjo
SE,Våxtorp
SE,Vetlanda
SE,Vidsel
SE,Vilhelmina
SE,Vimmerby
SE,Vindeln
SE,Visby
SE,Vörderås
SE,Ystad
CH,Aarau
CH,Arch
CH,Baar
CH,Baden
CH,Basel
CH,Bellinzona
CH,Bern
CH,Bex
CH,Biel
CH,Bienne
CH,Bremgarten
CH,Brugg
CH,Buchs
CH,Bülach
CH,Bulle
CH,Burgdorf
CH,Chiasso
CH,Chur
CH,Cugy
CH,Davos
CH,Dietikon
CH,Frauenfeld
CH,Fribourg
CH,Geneva
CH,Glarus
CH,Haerkingen
CH,Herisau
CH,Hombrechtikon
CH,Horgen
CH,Kloten
CH,Kreuzlingen
CH,La Chaux-de-Fonds
CH,Lausanne
CH,Lengnau
CH,Lenzburg
CH,Les Geneveys-sur-Coffrane
CH,Liestal
CH,Locarno
CH,Lucerne
CH,Lugano
CH,Martigny
CH,Montreux
CH,Muttenz
CH,Neuchatel
CH,Nyon
CH,Orsonnens
CH,Payerne
CH,Pully
CH,Rapperswil
CH,Renan
CH,Root
CH,Rorschach
CH,Saas Fee
CH,Saint Moritz
CH,Sankt Gallen
CH,Schaffhausen
CH,Schlieren
CH,Schwyz
CH,Sils im Domleschg
CH,Sion
CH,Solothurn
CH,Sursee
CH,Thun
CH,Uster
CH,Versoix
CH,Vevey
CH,Windlach
CH,Winterthur
CH,Wohlen
CH,Yverdon
CH,Zofingen
CH,Zug
CH,Zurich
SY,Al Ladhiqiyah
SY,Aleppo
SY,Damascus
SY,Hims
SY,Qamishly
TW,Chia-i Chia-I
TW,Chu-nan
TW,Hsin-chu
TW,Hua-lien
TW,Kaohsiung County
TW,Kaohsiung Municipality
TW,Kaohsiung
TW,Lung Tang
TW,P'ing-tung
TW,Panchiao
TW,Puli
TW,T'ai-chung
TW,Tainan
TW,Taipei
TW,Taoyuan
TW,Yung Kang City
TJ,Dushanbe
TJ,Khujand
TZ,Arusha
TZ,Bagamoyo
TZ,Dar Es Salaam
TZ,Dodoma
TZ,Kilimanjaro
TZ,Morogoro
TZ,Mwanza
TZ,Shinyanga
TZ,Wete
TZ,Zanzibar
TH,Banchang
TH,Bangkok
TH,Cha-am
TH,Chiang Mai
TH,Chon Buri
TH,Chonburi
TH,Klong Luang Peng
TH,Koh Samui
TH,Laem Chabang
TH,Nakhon Ratchasima
TH,Nakorn Panom
TH,Nana Plaza
TH,Non Buri
TH,Pattaya
TH,Phetchabun
TH,Phitsanulok
TH,Phuket
TH,Rayong
TH,Samudh Prakarn
TH,Surat Thani
TH,Trat
TH,Udon Thani
TG,Atakpame
TG,Kara
TG,Lome
TO,Nukualofa
TT,Arima
TT,Biche
TT,Blanchisseuse
TT,Brasso Seco Village
TT,Caigual
TT,Carmichael
TT,Charlotteville
TT,Charuma
TT,Cheeyou
TT,Coryal
TT,Couva
TT,Cuche
TT,Cunaripa
TT,Erin
TT,Fonrose
TT,Grande Riviere
TT,Guaico Tamana
TT,Hasnalli
TT,Howson
TT,Las Cuevas
TT,Lower Fishing Pond
TT,Mamon
TT,Maracas Bay Village
TT,Matelot
TT,Matura
TT,Mayo
TT,Monte Video
TT,Moruga
TT,Mount Harris
TT,Navet
TT,Nestor
TT,Pierreville
TT,Plaisance
TT,Plum Mitan
TT,Plymouth
TT,Poole
TT,Port of Spain
TT,Redhead
TT,Roxborough
TT,Rushville
TT,Saint Augustine
TT,Saint Joseph
TT,Salybia
TT,San Fernando
TT,San Juan
TT,Sangre Grande
TT,Sans Souci
TT,Scarborough
TT,Toco
TT,Tunapuna
TT,Unis
TT,Upper Fishing Pond
TT,Upper Manzanilla
TN,Carthage
TN,Djerba
TN,Gafsa
TN,Monastir
TN,Msaken
TN,Tunis
TR,Adana
TR,Alanya
TR,Ankara
TR,Antalya
TR,Aydin
TR,Balikesir
TR,Bodrum
TR,Bursa
TR,Dalaman
TR,Diyarbakir
TR,Erzurum
TR,Eskisehir
TR,Gaziantep
TR,Isparta
TR,Istanbul
TR,Izmir
TR,Kars
TR,Kocaeli
TR,Konya
TR,Manisa
TR,Mersin
TR,Mugla
TR,Samsun
TR,Tekirdao
TR,Tokat
TR,Van
TM,Ashgabat
TC,Balfour Town
UG,Jinja
UG,Kampala
UA,Alushta
UA,Bogodukhov
UA,Brovary
UA,Char'kov
UA,Cherkassy
UA,Chernivtsi
UA,Dnebrovsky
UA,Dnepropetrovsk
UA,Donetsk
UA,Gorlovka
UA,Kaniv
UA,Kharkiv
UA,Kherson
UA,Kiev
UA,Kremenchug
UA,Lugansk
UA,Lviv
UA,Makeevka
UA,Mariupol
UA,Merefa
UA,Nikolaev
UA,Odessa
UA,Poltava
UA,Radomysl
UA,Reni
UA,Rivne
UA,Sevastopol
UA,Shpola
UA,Slavutich
UA,Smila
UA,Ternopil
UA,Uzhgorod
UA,Yalta
UA,Zaporizhzhya
AE,Abu Dhabi
AE,Ajman
AE,Al Fujayrah
AE,Bur Dubai
AE,Dubai
AE,Garhoud
AE,Ras al Khaymah
AE,Sharjah
GB,Aberdeen
GB,Aberystwyth
GB,Aldershot
GB,Alsagers Bank
GB,Altrincham
GB,Andover
GB,Armagh
GB,Ascot
GB,Ashby-de-la-Zouch
GB,Ashford
GB,Aviemore
GB,Aylesbury
GB,Ballymena
GB,Banbury
GB,Bangor
GB,Barking
GB,Barnet
GB,Barnsley
GB,Barnstaple
GB,Barrow-in-Furness
GB,Basildon
GB,Basingstoke
GB,Bath
GB,Beddgelert
GB,Bedford
GB,Belfast
GB,Belper
GB,Benfleet
GB,Benson
GB,Berkhamsted
GB,Berwick Upon Tweed
GB,Betws-y-Coed
GB,Bexley
GB,Bicester
GB,Billericay
GB,Birkenhead
GB,Birmingham
GB,Blackburn
GB,Blackpool
GB,Bolton
GB,Bournemouth
GB,Bracknell
GB,Bradford
GB,Braemar
GB,Brecon
GB,Brentwood
GB,Brighton
GB,Bristol
GB,Broomfield
GB,Burgess Hill
GB,Burnley
GB,Burton Upon Tren
GB,Bury St Edmunds
GB,Bury
GB,Camberley
GB,Cambridge
GB,Canterbury
GB,Cardiff
GB,Carlisle
GB,Carrickfergus
GB,Chalgrove
GB,Chatham
GB,Chelmsford
GB,Cheltenham
GB,Chester
GB,Chesterfield
GB,Chichester
GB,Chorley
GB,Church Stretton
GB,Cladich
GB,Colchester
GB,Congleton
GB,Coniston
GB,Corsham
GB,Coventry
GB,Crawley
GB,Crewe
GB,Croydon
GB,Cumbernauld
GB,Dartford
GB,Dartmouth
GB,Derby
GB,Derry
GB,Doncaster
GB,Dorchester
GB,Dorking
GB,Dover
GB,Dudley
GB,Dumbarton
GB,Dumfries
GB,Dunbar
GB,Dunblane
GB,Dundee
GB,Dunfermline
GB,Durham
GB,East Molesey
GB,East Preston
GB,Eastbourne
GB,Eastrea
GB,Edinburgh
GB,Elgin
GB,Ellesmere
GB,Ely
GB,Enfield
GB,Epsom
GB,Exeter
GB,Falkirk
GB,Falmouth
GB,Faringdon
GB,Farmington
GB,Farnham
GB,Feltham
GB,Fleet
GB,Forres
GB,Frosterley
GB,Glasgow
GB,Glastonbury
GB,Gloucester
GB,Gosport
GB,Grangemouth
GB,Gravesend
GB,Grays
GB,Great Wilbraham
GB,Greenock
GB,Grimsby
GB,Guildford
GB,Guilford
GB,Halifax
GB,Hamilton
GB,Harlow
GB,Harpenden
GB,Harrow
GB,Hartlepool
GB,Haslemere
GB,Hastings
GB,Hatfield
GB,Haverfordwest
GB,Haverhill
GB,Hawarden
GB,Hawick
GB,Hemel Hempstead
GB,Hereford
GB,Hertford
GB,Heston
GB,Hexham
GB,High Wycombe
GB,Hoddesdon
GB,Holyhead
GB,Hornchurch
GB,Horsham
GB,Huddersfield
GB,Hull End
GB,Huntingdon
GB,Hyde
GB,Ilford
GB,Inverkeithing
GB,Inverness
GB,Ipswich
GB,Keighley
GB,Kelso
GB,Kendal
GB,Kenilworth
GB,Kennet
GB,Kettering
GB,Kidsgrove
GB,Kilmarnock
GB,Kingston Upon Hull
GB,Kirkwall
GB,Lakenheath
GB,Lampeter
GB,Lancaster
GB,Laughton
GB,Leamington
GB,Leeds
GB,Leek
GB,Leicester
GB,Leigh
GB,Lerwick
GB,Letchworth
GB,Lewes
GB,Leyland
GB,Lichfield
GB,Lincoln
GB,Little Chalfont
GB,Liverpool
GB,Llandrindod Well
GB,Loch Ness
GB,London
GB,Loughborough
GB,Loughgall
GB,Louth
GB,Lowestoft
GB,Luton
GB,Machynlleth
GB,Maidenhead
GB,Maidstone
GB,Manchester
GB,Mansfield
GB,Margate
GB,Marlborough
GB,Marlow
GB,Melborne
GB,Melton Mowbray
GB,Merton
GB,Middlesbrough
GB,Milford
GB,Millom
GB,Milton Keynes
GB,Minehead
GB,Mold
GB,Montrose
GB,Motherwell
GB,Nantwich
GB,Newark
GB,Newbury
GB,Newcastle Upon Tyne
GB,Newcastle
GB,Newport
GB,Newquay
GB,Northallerton
GB,Northampton
GB,Northwich
GB,Northwold
GB,Norwich
GB,Nottingham
GB,Oban
GB,Oldham
GB,Omagh
GB,Oxford
GB,Oxshott
GB,Penrith
GB,Penzance
GB,Perth
GB,Peterborough
GB,Plains
GB,Plymouth
GB,Pontypridd
GB,Poole
GB,Portsmouth
GB,Portstewart
GB,Preston
GB,Prestwick
GB,Radway Green
GB,Ramsgate
GB,Reading
GB,Redditch
GB,Ringwood
GB,Ripon
GB,Rochester
GB,Romford
GB,Rugby
GB,Runcorn
GB,Rustington
GB,Saint Albans
GB,Salford
GB,Salisbury
GB,Sandwich
GB,Sandy
GB,Scarborough
GB,Seaford
GB,Shaftesbury
GB,Sheffield
GB,Shrewsbury
GB,Slough
GB,Solihull
GB,Southampton
GB,Southborough
GB,Southend-on-Sea
GB,Southport
GB,St Albans
GB,St Andrews
GB,St Asaph
GB,St Helens
GB,St Ives
GB,Stafford
GB,Staines
GB,Stanmore
GB,Stansted
GB,Stevenage
GB,Stirling
GB,Stockport
GB,Stockton-on-Tees
GB,Stoke On Trent
GB,Stranraer
GB,Stratford-Upon-Avon
GB,Stroud
GB,Sudbury
GB,Sunderland
GB,Sutton
GB,Swansea
GB,Swindon
GB,Taunton
GB,Teeside
GB,Telford
GB,Truro
GB,Virginia Water
GB,Waddington
GB,Wakefield
GB,Wallingford
GB,Wareham
GB,Warrington
GB,Warwick
GB,Watford
GB,Wellingborough
GB,Wellington
GB,Wells
GB,Welwyn Garden City
GB,West Bromwich
GB,Weston Under Lizard
GB,Wetherby
GB,Weymouth
GB,Whitby
GB,Whitehaven
GB,Whitehead
GB,Wick
GB,Wilmslow
GB,Wimbledon
GB,Wimborne Minster
GB,Winchester
GB,Windsor
GB,Winsford
GB,Wisbech
GB,Wisborough Green
GB,Woking
GB,Wokingham
GB,Wolverhampton
GB,Woodford
GB,Woolavington
GB,Worcester
GB,Worthing
GB,Wrexham
GB,Yarm
GB,Yeovil
GB,York
US,Abilene
US,Akron
US,Alameda
US,Albany
US,Albuquerque
US,Alexandria
US,Alhambra
US,Allen
US,Allentown
US,Alpharetta
US,Amarillo
US,Ames
US,Anaheim
US,Anchorage
US,Ankeny
US,Ann Arbor
US,Antioch
US,Apple Valley
US,Appleton
US,Arlington Heights
US,Arlington
US,Arvada
US,Asheville
US,Athens-Clarke County
US,Atlanta
US,Auburn
US,Augusta-Richmond County
US,Austin
US,Avondale
US,Bakersfield
US,Baldwin Park
US,Baltimore
US,Baton Rouge
US,Bayonne
US,Baytown
US,Beaumont
US,Beaverton
US,Bellevue
US,Bellflower
US,Bellingham
US,Bend
US,Berkeley
US,Bethlehem
US,Billings
US,Birmingham
US,Bismarck
US,Blaine
US,Bloomington
US,Boca Raton
US,Boise City
US,Bolingbrook
US,Boston
US,Boulder
US,Bowling Green
US,Boynton Beach
US,Brentwood
US,Bridgeport
US,Brockton
US,Broken Arrow
US,Brooklyn Park
US,Broomfield
US,Brownsville
US,Bryan
US,Buckeye
US,Buena Park
US,Buffalo
US,Burbank
US,Burnsville
US,Camarillo
US,Cambridge
US,Camden
US,Canton
US,Cape Coral
US,Carlsbad
US,Carmel
US,Carrollton
US,Carson
US,Cary
US,Castle Rock
US,Cedar Park
US,Cedar Rapids
US,Centennial
US,Champaign
US,Chandler
US,Charleston
US,Charlotte
US,Chattanooga
US,Chesapeake
US,Cheyenne
US,Chicago
US,Chico
US,Chino Hills
US,Chino
US,Chula Vista
US,Cicero
US,Cincinnati
US,Citrus Heights
US,Clarksville
US,Clearwater
US,Cleveland
US,Clifton
US,Clovis
US,College Station
US,Colorado Springs
US,Columbia
US,Columbus
US,Commerce City
US,Compton
US,Concord
US,Conroe
US,Conway
US,Coral Springs
US,Corona
US,Corpus Christi
US,Costa Mesa
US,Cranston
US,Dallas
US,Daly City
US,Danbury
US,Davenport
US,Davie
US,Davis
US,Dayton
US,Daytona Beach
US,Dearborn
US,Decatur
US,Deerfield Beach
US,Delray Beach
US,Deltona
US,Denton
US,Denver
US,Des Moines
US,Detroit
US,Doral
US,Dothan
US,Downey
US,Dublin
US,Duluth
US,Durham
US,Eagan
US,East Orange
US,Eastvale
US,Eau Claire
US,Edinburg
US,Edmond
US,El Cajon
US,El Monte
US,El Paso
US,Elgin
US,Elizabeth
US,Elk Grove
US,Erie
US,Escondido
US,Eugene
US,Evanston
US,Evansville
US,Everett
US,Fairfield
US,Fall River
US,Fargo
US,Farmington Hills
US,Fayetteville
US,Federal Way
US,Fishers
US,Flagstaff
US,Flint
US,Flower Mound
US,Folsom
US,Fontana
US,Fort Collins
US,Fort Lauderdale
US,Fort Myers
US,Fort Smith
US,Fort Wayne
US,Fort Worth
US,Framingham
US,Franklin
US,Frederick
US,Fremont
US,Fresno
US,Frisco
US,Fullerton
US,Gainesville
US,Gaithersburg
US,Garden Grove
US,Garland
US,Gary
US,Gastonia
US,Georgetown
US,Gilbert
US,Glendale
US,Goodyear
US,Grand Junction
US,Grand Prairie
US,Grand Rapids
US,Greeley
US,Green Bay
US,Greensboro
US,Greenville
US,Greenwood
US,Gresham
US,Gulfport
US,Hammond
US,Hampton
US,Harlingen
US,Hartford
US,Haverhill
US,Hawthorne
US,Hayward
US,Hemet
US,Henderson
US,Hesperia
US,Hialeah
US,High Point
US,Hillsboro
US,Hollywood
US,Homestead
US,Honolulu
US,Hoover
US,Houston
US,Huntington Beach
US,Huntsville
US,Idaho Falls
US,Independence
US,Indianapolis
US,Indio
US,Inglewood
US,Iowa City
US,Irvine
US,Irving
US,Jackson
US,Jacksonville
US,Janesville
US,Jersey City
US,Johns Creek
US,Johnson City
US,Joliet
US,Jonesboro
US,Jurupa Valley
US,Kalamazoo
US,Kansas City
US,Kenner
US,Kennewick
US,Kenosha
US,Kent
US,Killeen
US,Kirkland
US,Kissimmee
US,Knoxville
US,Lafayette
US,Laguna Niguel
US,Lake Charles
US,Lake Elsinore
US,Lake Forest
US,Lakeland
US,Lakeville
US,Lakewood
US,Lancaster
US,Lansing
US,Laredo
US,Largo
US,Las Cruces
US,Las Vegas
US,Lauderhill
US,Lawrence
US,Lawton
US,Layton
US,League City
US,Leander
US,Lee's Summit
US,Lehi
US,Lewisville
US,Lexington
US,Lincoln
US,Little Rock
US,Livermore
US,Livonia
US,Lodi
US,Long Beach
US,Longmont
US,Longview
US,Lorain
US,Los Angeles
US,Louisville
US,Loveland
US,Lowell
US,Lubbock
US,Lynchburg
US,Lynn
US,Lynwood
US,Macon-Bibb County
US,Madera
US,Madison
US,Malden
US,Manchester
US,Mansfield
US,Manteca
US,Maple Grove
US,Marysville
US,McAllen
US,McKinney
US,Medford
US,Melbourne
US,Memphis
US,Menifee
US,Merced
US,Meridian
US,Mesa
US,Mesquite
US,Miami Beach
US,Miami Gardens
US,Miami
US,Midland
US,Millcreek
US,Milpitas
US,Milwaukee
US,Minneapolis
US,Miramar
US,Mission Viejo
US,Mission
US,Missoula
US,Missouri City
US,Mobile
US,Modesto
US,Montgomery
US,Moreno Valley
US,Mount Pleasant
US,Mount Vernon
US,Mountain View
US,Muncie
US,Murfreesboro
US,Murrieta
US,Nampa
US,Napa
US,Naperville
US,Nashua
US,Nashville
US,New Bedford
US,New Braunfels
US,New Britain
US,New Haven
US,New Orleans
US,New Rochelle
US,New York
US,Newark
US,Newport Beach
US,Newport News
US,Newton
US,Noblesville
US,Norfolk
US,Norman
US,North Charleston
US,North Las Vegas
US,North Little Rock
US,North Port
US,North Richland Hills
US,Norwalk
US,Novi
US,O'Fallon
US,Oakland
US,Ocala
US,Oceanside
US,Odessa
US,Ogden
US,Oklahoma City
US,Olathe
US,Omaha
US,Ontario
US,Orange
US,Orem
US,Orlando
US,Oshkosh
US,Overland Park
US,Oxnard
US,Palatine
US,Palm Bay
US,Palm Coast
US,Palmdale
US,Palo Alto
US,Parma
US,Pasadena
US,Pasco
US,Passaic
US,Paterson
US,Pawtucket
US,Pearland
US,Pembroke Pines
US,Peoria
US,Perris
US,Pflugerville
US,Pharr
US,Philadelphia
US,Phoenix
US,Pittsburg
US,Pittsburgh
US,Plano
US,Plantation
US,Pleasanton
US,Plymouth
US,Pomona
US,Pompano Beach
US,Port St. Lucie
US,Portland
US,Portsmouth
US,Providence
US,Provo
US,Pueblo
US,Queen Creek
US,Quincy
US,Racine
US,Raleigh
US,Rancho Cordova
US,Rancho Cucamonga
US,Rapid City
US,Reading
US,Redding
US,Redlands
US,Redmond
US,Redondo Beach
US,Redwood City
US,Reno
US,Renton
US,Rialto
US,Richardson
US,Richmond
US,Rio Rancho
US,Riverside
US,Roanoke
US,Rochester Hills
US,Rochester
US,Rock Hill
US,Rockford
US,Rocklin
US,Rockville
US,Rogers
US,Roseville
US,Roswell
US,Round Rock
US,Sacramento
US,Salem
US,Salinas
US,Salt Lake City
US,Sammamish
US,San Angelo
US,San Antonio
US,San Bernardino
US,San Buenaventura (Ventura)
US,San Clemente
US,San Diego
US,San Francisco
US,San Jose
US,San Leandro
US,San Marcos
US,San Mateo
US,San Ramon
US,Sandy Springs
US,Sandy
US,Santa Ana
US,Santa Barbara
US,Santa Clara
US,Santa Clarita
US,Santa Fe
US,Santa Maria
US,Santa Monica
US,Santa Rosa
US,Savannah
US,Schaumburg
US,Schenectady
US,Scottsdale
US,Scranton
US,Seattle
US,Shawnee
US,Shreveport
US,Simi Valley
US,Sioux City
US,Sioux Falls
US,Skokie
US,Somerville
US,South Bend
US,South Fulton
US,South Gate
US,South Jordan
US,South San Francisco
US,Southfield
US,Sparks
US,Spokane Valley
US,Spokane
US,Springdale
US,Springfield
US,St. Charles
US,St. Cloud
US,St. George
US,St. Joseph
US,St. Louis
US,St. Paul
US,St. Petersburg
US,Stamford
US,Sterling Heights
US,Stockton
US,Suffolk
US,Sugar Land
US,Sunnyvale
US,Sunrise
US,Surprise
US,Syracuse
US,Tacoma
US,Tallahassee
US,Tamarac
US,Tampa
US,Temecula
US,Tempe
US,Temple
US,Thornton
US,Thousand Oaks
US,Toledo
US,Topeka
US,Torrance
US,Tracy
US,Trenton
US,Troy
US,Tucson
US,Tulare
US,Tulsa
US,Turlock
US,Tuscaloosa
US,Tustin
US,Tyler
US,Union City
US,Upland
US,Utica
US,Vacaville
US,Vallejo
US,Vancouver
US,Victoria
US,Victorville
US,Virginia Beach
US,Visalia
US,Vista
US,Waco
US,Walnut Creek
US,Waltham
US,Warner Robins
US,Warren
US,Warwick
US,Washington
US,Waterbury
US,Waterloo
US,Waukegan
US,Waukesha
US,West Covina
US,West Des Moines
US,West Jordan
US,West Palm Beach
US,West Valley City
US,Westland
US,Westminster
US,Weston
US,Whittier
US,Wichita Falls
US,Wichita
US,Wilmington
US,Winston-Salem
US,Woodbury
US,Worcester
US,Wyoming
US,Yakima
US,Yonkers
US,Yorba Linda
US,Yuba City
US,Yuma
UY,Artigas
UY,Carmelo
UY,Colonia
UY,Durazno
UY,Maldonado
UY,Montevideo
UY,Paso De Los Toros
UY,Paysandu
UY,Punta del Este
UY,Rivera
UY,Rocha
UY,Salto
UY,San José de Mayo
UY,Tacuarembo
UZ,Bukhara
UZ,Samarkand
UZ,Tashkent
UZ,Urgench
VU,Port Vila
VE,Acarigua
VE,Achaguas
VE,Agua Blanca
VE,Altagracia De Orituco
VE,Amuay
VE,Anaco
VE,Apartaderos
VE,Araure
VE,Bachaquero
VE,Barinas
VE,Barquisimeto
VE,Bejuma
VE,Bocono
VE,Bruzual
VE,Cabudare
VE,Calabozo
VE,Camatagua
VE,Capacho
VE,Caraballeda
VE,Caracas
VE,Caripe
VE,Carora
VE,Carrizales
VE,Carupano
VE,Catia La Mar
VE,Charallave
VE,Chivacoa
VE,Ciudad Ojeda
VE,Colon
VE,Coro
VE,Cua
VE,Cumarebo
VE,Ejido
VE,El Callao
VE,El Junquito
VE,El Palito
VE,El Sombrero
VE,El Tigrito
VE,El Tocuyo
VE,El Vigia
VE,Elorza
VE,Guanare
VE,Guasdualito
VE,Judibana
VE,La Asuncion
VE,La Fria
VE,La Guaira
VE,Lagunillas
VE,Las Morochas
VE,Las Piedras
VE,Los Teques
VE,Machiques
VE,Macuto
VE,Maiquetia
VE,Mantecal
VE,Maracaibo
VE,Maracay
VE,Margarita
VE,Maturin
VE,Merida
VE,Michelena
VE,Mucuchies
VE,Ocumare Del Tuy
VE,Pampatar
VE,Piedra Azul
VE,Piritu
VE,Porlamar
VE,Puerto Ayacucho
VE,Puerto Escondido
VE,Puerto Ordaz
VE,Puerto Piritu
VE,Puerto la Cruz
VE,Puertp Ordaz
VE,Punta Cardon
VE,Punta de Mata
VE,Punta de Piedras
VE,Punto Fijo
VE,Quibor
VE,Rubio
VE,San Antonio Del Tachira
VE,San Antonio
VE,San Carlos
VE,San Casimiro
VE,San Cristobal
VE,San Diego
VE,San Felipe
VE,San Felix
VE,San Fernando de Apure
VE,San Fernando
VE,San Juan de Los Morros
VE,San Mateo
VE,San Sebastian
VE,Santa Barbara
VE,Santa Rita
VE,Santa Rosa
VE,Tamare
VE,Tariba
VE,Tia Juana
VE,Tinaquillo
VE,Tocuyito
VE,Trujillo
VE,Tucupita
VE,Turen
VE,Turmero
VE,Upata
VE,Urena
VE,Valencia
VE,Valera
VE,Valle De La Pascua
VE,Yaritagua
VE,Zaraza
VN,Bien Hoa
VN,Da Lat
VN,Da Nang
VN,Ha Long
VN,Hanoi
VN,Ho Chi Minh City
VN,Hue
VI,Charlotte Amalie
VI,Christiansted
VI,Cruz Bay
WF,Hawthorne
YE,Ibb
YE,Mukalla
YE,Sanaa
ZM,Kitwe
ZM,Lusaka
ZW,Beitbridge
ZW,Chinhoyi
ZW,Chitungwiza
ZW,Gweru
ZW,Harare
ZW,Kadoma
ZW,Kwekwe
ZW,Marondera
ZW,Mutare
ZW,Victoria Falls
