alpha2	subdivision	name
AE	AJ	'Ajmān
AE	AZ	Abū Z̧aby [Abu Dhabi]
AE	DU	Dubayy [Dubai]
AE	FU	Al Fujayrah
AE	RK	Ra’s al Khaymah
AE	SH	Ash Shāriqah [Sharjah]
AE	UQ	Umm al Qaywayn
AF	BAL	Balkh
AF	BAM	Bāmīān
AF	BDG	Bādghīs
AF	BDS	Badakhshān
AF	BGL	Baghlān
AF	FRA	Farāh
AF	FYB	Fāryāb
AF	GHA	Ghaznī
AF	GHO	Ghowr
AF	HEL	Helmand
AF	HER	Herāt
AF	JOW	Jowzjān
AF	KAB	Kābul [Kābol]
AF	KAN	Kandahār
AF	KAP	Kāpīsā
AF	KDZ	Kondoz [Kunduz]
AF	KHO	Khowst
AF	KNR	Konar [Kunar]
AF	LAG	Laghmān
AF	LOW	Lowgar
AF	NAN	Nangrahār [Nangarhār]
AF	NIM	Nīmrūz
AF	NUR	Nūrestān
AF	ORU	Orūzgān [Urūzgān]
AF	PAR	Parwān
AF	PIA	Paktīā
AF	PKA	Paktīkā
AF	SAM	Samangān
AF	SAR	Sar-e Pol
AF	TAK	Takhār
AF	WAR	Wardak [Wardag]
AF	ZAB	Zābol [Zābul]
AL	BR	Berat
AL	BU	Bulqizë
AL	DI	Dibër
AL	DL	Delvinë
AL	DR	Durrës
AL	DV	Devoll
AL	EL	Elbasan
AL	ER	Kolonjë
AL	FR	Fier
AL	GJ	Gjirokastër
AL	GR	Gramsh
AL	HA	Has
AL	KA	Kavajë
AL	KB	Kurbin
AL	KC	Kuçovë
AL	KO	Korçë
AL	KR	Krujë
AL	KU	Kukës
AL	LB	Librazhd
AL	LE	Lezhë
AL	LU	Lushnjë
AL	MK	Mallakastër
AL	MM	Malësi e Madhe
AL	MR	Mirditë
AL	MT	Mat
AL	PG	Pogradec
AL	PQ	Peqin
AL	PR	Përmet
AL	PU	Pukë
AL	SH	Shkodër
AL	SK	Skrapar
AL	SR	Sarandë
AL	TE	Tepelenë
AL	TP	Tropojë
AL	TR	Tiranë
AL	VL	Vlorë
AM	AG	Aragac̣otn
AM	AR	Ararat
AM	AV	Armavir
AM	ER	Erevan
AM	GR	Geġark'unik'
AM	KT	Kotayk'
AM	LO	Loṙy
AM	SH	Širak
AM	SU	Syunik'
AM	TV	Tavuš
AM	VD	Vayoc Jor
AO	BGO	Bengo
AO	BGU	Benguela
AO	BIE	Bié
AO	CAB	Cabinda
AO	CCU	Cuando-Cubango
AO	CNN	Cunene
AO	CNO	Cuanza Norte
AO	CUS	Cuanza Sul
AO	HUA	Huambo
AO	HUI	Huíla
AO	LNO	Lunda Norte
AO	LSU	Lunda Sul
AO	LUA	Luanda
AO	MAL	Malange
AO	MOX	Moxico
AO	NAM	Namibe
AO	UIG	Uíge
AO	ZAI	Zaire
AR	A	Salta
AR	B	Buenos Aires
AR	C	Capital federal
AR	D	San Luis
AR	E	Entre Ríos
AR	F	La Rioja
AR	G	Santiago del Estero
AR	H	Chaco
AR	J	San Juan
AR	K	Catamarca
AR	L	La Pampa
AR	M	Mendoza
AR	N	Misiones
AR	P	Formosa
AR	Q	Neuquén
AR	R	Río Negro
AR	S	Santa Fe
AR	T	Tucumán
AR	U	Chubut
AR	V	Tierra del Fuego
AR	W	Corrientes
AR	X	Córdoba
AR	Y	Jujuy
AR	Z	Santa Cruz
AT	1	Burgenland
AT	2	Kärnten
AT	3	Niederösterreich
AT	4	Oberösterreich
AT	5	Salzburg
AT	6	Steiermark
AT	7	Tirol
AT	8	Vorarlberg
AT	9	Wien
AU	CT	Australian Capital Territory
AU	NS	New South Wales
AU	NT	Northern Territory
AU	QL	Queensland
AU	SA	South Australia
AU	TS	Tasmania
AU	VI	Victoria
AU	WA	Western Australia
AZ	AB	Äli Bayramlı
AZ	ABS	Abşeron
AZ	AGA	Ağstafa
AZ	AGC	Ağcabädi
AZ	AGM	Ağdam
AZ	AGS	Ağdaş
AZ	AGU	Ağsu
AZ	AST	Astara
AZ	BA	Bakı
AZ	BAB	Babäk
AZ	BAL	Balakän
AZ	BAR	Bärdä
AZ	BEY	Beyläqan
AZ	BIL	Biläsuvar
AZ	CAB	Cäbrayıl
AZ	CAL	Cälilabab
AZ	CUL	Culfa
AZ	DAS	Daşkäsän
AZ	DAV	Däväçi
AZ	FUZ	Füzuli
AZ	GA	Gäncä
AZ	GAD	Gädäbäy
AZ	GOR	Goranboy
AZ	GOY	Göyçay
AZ	HAC	Hacıqabul
AZ	IMI	İmişli
AZ	ISM	İsmayıllı
AZ	KAL	Kälbäcär
AZ	KUR	Kürdämir
AZ	LA	Länkäran
AZ	LAC	Laçın
AZ	LAN	Länkäran
AZ	LER	Lerik
AZ	MAS	Masallı
AZ	MI	Mingäçevir
AZ	NA	Naftalan
AZ	NEF	Neftçala
AZ	OGU	Oğuz
AZ	ORD	Ordubad
AZ	QAB	Qäbälä
AZ	QAX	Qax
AZ	QAZ	Qazax
AZ	QBA	Quba
AZ	QBI	Qubadlı
AZ	QOB	Qobustan
AZ	QUS	Qusar
AZ	SA	Şäki
AZ	SAB	Sabirabad
AZ	SAD	Sädäräk
AZ	SAH	Şahbuz
AZ	SAK	Şäki
AZ	SAL	Salyan
AZ	SAR	Şärur
AZ	SAT	Saatlı
AZ	SIY	Siyäzän
AZ	SKR	Şämkir
AZ	SM	Sumqayıt
AZ	SMI	Şamaxı
AZ	SMX	Samux
AZ	SS	Şuşa
AZ	SUS	Şuşa
AZ	TAR	Tärtär
AZ	TOV	Tovuz
AZ	UCA	Ucar
AZ	XA	Xankändi
AZ	XAC	Xaçmaz
AZ	XAN	Xanlar
AZ	XCI	Xocalı
AZ	XIZ	Xızı
AZ	XVD	Xocavänd
AZ	YAR	Yardımlı
AZ	YE	Yevlax
AZ	YEV	Yevlax
AZ	ZAN	Zängilan
AZ	ZAQ	Zaqatala
AZ	ZAR	Zärdab
BA	BIH	Federacija Bosna i Hercegovina
BA	SRP	Republika Srpska
BD	01	Bandarban zila
BD	02	Barguna zila
BD	03	Bogra zila
BD	04	Brahmanbaria zila
BD	05	Bagerhat zila
BD	06	Barisal zila
BD	07	Bhola zila
BD	08	Comilla zila
BD	09	Chandpur zila
BD	10	Chittagong zila
BD	11	Cox's Bazar zila
BD	12	Chuadanga zila
BD	13	Dhaka zila
BD	14	Dinajpur zila
BD	15	Faridpur zila
BD	16	Feni zila
BD	17	Gopalganj zila
BD	18	Gazipur zila
BD	19	Gaibandha zila
BD	20	Habiganj zila
BD	21	Jamalpur zila
BD	22	Jessore zila
BD	23	Jhenaidah zila
BD	24	Jaipurhat zila
BD	25	Jhalakati zila
BD	26	Kishoreganj zila
BD	27	Khulna zila
BD	28	Kurigram zila
BD	29	Khagrachari zila
BD	30	Kushtia zila
BD	31	Lakshmipur zila
BD	32	Lalmonirhat zila
BD	33	Manikganj zila
BD	34	Mymensingh zila
BD	35	Munshiganj zila
BD	36	Madaripur zila
BD	37	Magura zila
BD	38	Moulvibazar zila
BD	39	Meherpur zila
BD	40	Narayanganj zila
BD	41	Netrakona zila
BD	42	Narsingdi zila
BD	43	Narail zila
BD	44	Natore zila
BD	45	Nawabganj zila
BD	46	Nilphamari zila
BD	47	Noakhali zila
BD	48	Naogaon zila
BD	49	Pabna zila
BD	50	Pirojpur zila
BD	51	Patuakhali zila
BD	52	Panchagarh zila
BD	53	Rajbari zila
BD	54	Rajshahi zila
BD	55	Rangpur zila
BD	56	Rangamati zila
BD	57	Sherpur zila
BD	58	Satkhira zila
BD	59	Sirajganj zila
BD	60	Sylhet zila
BD	61	Sunamganj zila
BD	62	Shariatpur zila
BD	63	Tangail zila
BD	64	Thakurgaon zila
BE	VAN	Antwerpen (nl)
BE	VBR	Vlaams Brabant (nl)
BE	VLI	Limburg (nl)
BE	VOV	Oost-Vlaanderen (nl)
BE	VWV	West-Vlaanderen (nl)
BE	WBR	Brabant Wallon (fr)
BE	WHT	Hainaut (fr)
BE	WLG	Liège (fr)
BE	WLX	Luxembourg (fr)
BE	WNA	Namur (fr)
BF	BAL	Balé
BF	BAM	Bam
BF	BAN	Banwa
BF	BAZ	Bazèga
BF	BGR	Bougouriba
BF	BLG	Boulgou
BF	BLK	Boulkiemdé
BF	COM	Comoé
BF	GAN	Ganzourgou
BF	GNA	Gnagna
BF	GOU	Gourma
BF	HOU	Houet
BF	IOB	Ioba
BF	KAD	Kadiogo
BF	KEN	Kénédougou
BF	KMD	Komondjari
BF	KMP	Kompienga
BF	KOP	Koulpélogo
BF	KOS	Kossi
BF	KOT	Kouritenga
BF	KOW	Kourwéogo
BF	LER	Léraba
BF	LOR	Loroum
BF	MOU	Mouhoun
BF	NAM	Namentenga
BF	NAO	Nahouri
BF	NAY	Nayala
BF	NOU	Noumbiel
BF	OUB	Oubritenga
BF	OUD	Oudalan
BF	PAS	Passoré
BF	PON	Poni
BF	SEN	Séno
BF	SIS	Sissili
BF	SMT	Sanmatenga
BF	SNG	Sanguié
BF	SOM	Soum
BF	SOR	Sourou
BF	TAP	Tapoa
BF	TUI	Tui
BF	YAG	Yagha
BF	YAT	Yatenga
BF	ZIR	Ziro
BF	ZON	Zondoma
BF	ZOU	Zoundwéogo
BG	01	Blagoevgrad
BG	02	Burgas
BG	03	Varna
BG	04	Veliko Tărnovo
BG	05	Vidin
BG	06	Vraca
BG	07	Gabrovo
BG	08	Dobrič
BG	09	Kărdžali
BG	10	Kjustendil
BG	11	Loveč
BG	12	Montana
BG	13	Pazardžik
BG	14	Pernik
BG	15	Pleven
BG	16	Plovdiv
BG	17	Razgrad
BG	18	Ruse
BG	19	Silistra
BG	20	Sliven
BG	21	Smoljan
BG	22	Sofija-Grad
BG	23	Sofija
BG	24	Stara Zagora
BG	25	Tărgovište
BG	26	Haskovo
BG	27	Šumen
BG	28	Jambol
BH	01	Al Ḩadd
BH	02	Al Muḩarraq
BH	03	Al Manāmah
BH	04	Jidd Ḩafş
BH	05	Al Minţaqah ash Shamālīyah
BH	06	Sitrah
BH	07	Al Minţaqah al Wusţá
BH	08	Madīnat ٰĪsá
BH	09	Ar Rifāٰ
BH	10	Al Minţaqah al Gharbīyah
BH	11	Minţaqat Juzur Ḩawār
BH	12	Madīnat Ḩamad
BI	BB	Bubanza
BI	BJ	Bujumbura
BI	BR	Bururi
BI	CA	Cankuzo
BI	CI	Cibitoke
BI	GI	Gitega
BI	KI	Kirundo
BI	KR	Karuzi
BI	KY	Kayanza
BI	MA	Makamba
BI	MU	Muramvya
BI	MW	Mwaro
BI	MY	Muyinga
BI	NG	Ngozi
BI	RT	Rutana
BI	RY	Ruyigi
BJ	AK	Atakora
BJ	AL	Alibori
BJ	AQ	Atlantique
BJ	BO	Borgou
BJ	CO	Collines
BJ	DO	Donga
BJ	KO	Kouffo
BJ	LI	Littoral
BJ	MO	Mono
BJ	OU	Ouémé
BJ	PL	Plateau
BJ	ZO	Zou
BN	BE	Belait
BN	BM	Brunei-Muara
BN	TE	Temburong
BN	TU	Tutong
BO	B	El Beni
BO	C	Cochabamba
BO	H	Chuquisaca
BO	L	La Paz
BO	N	Pando
BO	O	Oruro
BO	P	Potosí
BO	S	Santa Cruz
BO	T	Tarija
BR	AC	Acre
BR	AL	Alagoas
BR	AM	Amazonas
BR	AP	Amapá
BR	BA	Bahia
BR	CE	Ceará
BR	DF	Distrito Federal
BR	ES	Espírito Santo
BR	GO	Goiás
BR	MA	Maranhão
BR	MG	Minas Gerais
BR	MS	Mato Grosso do Sul
BR	MT	Mato Grosso
BR	PA	Pará
BR	PB	Paraíba
BR	PE	Pernambuco
BR	PI	Piauí
BR	PR	Paraná
BR	RJ	Rio de Janeiro
BR	RN	Rio Grande do Norte
BR	RO	Rondônia
BR	RR	Roraima
BR	RS	Rio Grande do Sul
BR	SC	Santa Catarina
BR	SE	Sergipe
BR	SP	São Paulo
BR	TO	Tocantins
BS	AC	Acklins and Crooked Islands
BS	BI	Bimini
BS	CI	Cat Island
BS	EX	Exuma
BS	FC	Fresh Creek
BS	FP	Freeport
BS	GH	Governor's Harbour
BS	GT	Green Turtle Cay
BS	HI	Harbour Island
BS	HR	High Rock
BS	IN	Inagua
BS	KB	Kemps Bay
BS	LI	Long Island
BS	MG	Mayaguana
BS	MH	Marsh Harbour
BS	NB	Nicholls Town and Berry Islands
BS	NP	New Providence
BS	RI	Ragged Island
BS	RS	Rock Sound
BS	SP	Sandy Point
BS	SR	San Salvador and Rum Cay
BT	11	Paro
BT	12	Chhukha
BT	13	Ha
BT	14	Samtse
BT	15	Thimphu
BT	21	Tsirang
BT	22	Dagana
BT	23	Punakha
BT	24	Wangdue Phodrang
BT	31	Sarpang
BT	32	Trongsa
BT	33	Bumthang
BT	34	Zhemgang
BT	41	Trashigang
BT	42	Monggar
BT	43	Pemagatshel
BT	44	Lhuentse
BT	45	Samdrup Jongkha
BT	GA	Gasa
BT	TY	Trashi Yangtse
BW	CE	Central
BW	GH	Ghanzi
BW	KG	Kgalagadi
BW	KL	Kgatleng
BW	KW	Kweneng
BW	NE	North-East
BW	NW	North-West
BW	SE	South-East
BW	SO	Southern
BY	BR	Brestskaya voblasts' (be) Brestskaya oblast' (ru)
BY	HO	Homyel'skaya voblasts' (be) Gomel'skaya oblast' (ru)
BY	HR	Hrodzenskaya voblasts' (be) Grodnenskaya oblast' (ru)
BY	MA	Mahilyowskaya voblasts' (be) Mogilevskaya oblast' (ru)
BY	MI	Minskaya voblasts' (be) Minskaya oblast' (ru)
BY	VI	Vitsyebskaya voblasts' (be) Vitebskaya oblast' (ru)
BZ	BZ	Belize
BZ	CY	Cayo
BZ	CZL	Corozal
BZ	OW	Orange Walk
BZ	SC	Stann Creek
BZ	TOL	Toledo
CA	AB	Alberta
CA	BC	British Columbia
CA	MB	Manitoba
CA	NB	New Brunswick
CA	NL	Newfoundland and Labrador
CA	NS	Nova Scotia
CA	NT	Northwest Territories
CA	NU	Nunavut
CA	ON	Ontario
CA	PE	Prince Edward Island
CA	QC	Quebec
CA	SK	Saskatchewan
CA	YT	Yukon Territory
CD	BC	Bas-Congo
CD	BN	Bandundu
CD	EQ	Équateur
CD	KA	Katanga
CD	KE	Kasai-Oriental
CD	KN	Kinshasa
CD	KW	Kasai-Occidental
CD	MA	Maniema
CD	NK	Nord-Kivu
CD	OR	Orientale
CD	SK	Sud-Kivu
CF	AC	Ouham
CF	BB	Bamingui-Bangoran
CF	BGF	Bangui
CF	BK	Basse-Kotto
CF	HK	Haute-Kotto
CF	HM	Haut-Mbomou
CF	HS	Mambéré-Kadéï
CF	KB	Nana-Grébizi
CF	KG	Kémo
CF	LB	Lobaye
CF	MB	Mbomou
CF	MP	Ombella-Mpoko
CF	NM	Nana-Mambéré
CF	OP	Ouham-Pendé
CF	SE	Sangha-Mbaéré
CF	UK	Ouaka
CF	VK	Vakaga
CG	11	Bouenza
CG	12	Pool
CG	13	Sangha
CG	14	Plateaux
CG	15	Cuvette-Ouest
CG	2	Lékoumou
CG	5	Kouilou
CG	7	Likouala
CG	8	Cuvette
CG	9	Niari
CG	BZV	Brazzaville
CH	AG	Aargau (de)
CH	AI	Appenzell Innerrhoden (de)
CH	AR	Appenzell Ausserrhoden (de)
CH	BE	Bern (de)
CH	BL	Basel-Landschaft (de)
CH	BS	Basel-Stadt (de)
CH	FR	Fribourg (fr)
CH	GE	Genève (fr)
CH	GL	Glarus (de)
CH	GR	Graubünden (de)
CH	JU	Jura (fr)
CH	LU	Luzern (de)
CH	NE	Neuchâtel (fr)
CH	NW	Nidwalden (de)
CH	OW	Obwalden (de)
CH	SG	Sankt Gallen (de)
CH	SH	Schaffhausen (de)
CH	SO	Solothurn (de)
CH	SZ	Schwyz (de)
CH	TG	Thurgau (de)
CH	TI	Ticino (it)
CH	UR	Uri (de)
CH	VD	Vaud (fr)
CH	VS	Valais (fr)
CH	ZG	Zug (de)
CH	ZH	Zürich (de)
CI	01	Lagunes (Région des)
CI	02	Haut-Sassandra (Région du)
CI	03	Savanes (Région des)
CI	04	Vallée du Bandama (Région de la)
CI	05	Moyen-Comoé (Région du)
CI	06	18 Montagnes (Région des)
CI	07	Lacs (Région des)
CI	08	Zanzan (Région du)
CI	09	Bas-Sassandra (Région du)
CI	10	Denguélé (Région du)
CI	11	Nzi-Comoé (Région)
CI	12	Marahoué (Région de la)
CI	13	Sud-Comoé (Région du)
CI	14	Worodougou (Région du)
CI	15	Sud-Bandama (Région du)
CI	16	Agnébi (Région de l')
CL	AI	Aisén del General Carlos Ibáñez del Campo
CL	AN	Antofagasta
CL	AR	Araucanía
CL	AT	Atacama
CL	BI	Bío-Bío
CL	CO	Coquimbo
CL	LI	Libertador General Bernardo O'Higgins
CL	LL	Los Lagos
CL	MA	Magallanes
CL	ML	Maule
CL	RM	Región Metropolitana de Santiago
CL	TA	Tarapacá
CL	VS	Valparaíso
CM	AD	Adamaoua
CM	CE	Centre
CM	EN	Far North
CM	ES	East
CM	LT	Littoral
CM	NO	North
CM	NW	North-West
CM	OU	West
CM	SU	South
CM	SW	South-West
CN	11	Beijing
CN	12	Tianjin
CN	13	Hebei
CN	14	Shanxi
CN	15	Nei Mongol (mn)
CN	21	Liaoning
CN	22	Jilin
CN	23	Heilongjiang
CN	31	Shanghai
CN	32	Jiangsu
CN	33	Zhejiang
CN	34	Anhui
CN	35	Fujian
CN	36	Jiangxi
CN	37	Shandong
CN	41	Henan
CN	42	Hubei
CN	43	Hunan
CN	44	Guangdong
CN	45	Guangxi
CN	46	Hainan
CN	50	Chongqing
CN	51	Sichuan
CN	52	Guizhou
CN	53	Yunnan
CN	54	Xizang
CN	61	Shaanxi
CN	62	Gansu
CN	63	Qinghai
CN	64	Ningxia
CN	65	Xinjiang
CN	71	Taiwan
CN	91	Xianggang (zh)
CN	92	Aomen (zh)
CO	AMA	Amazonas
CO	ANT	Antioquia
CO	ARA	Arauca
CO	ATL	Atlántico
CO	BOL	Bolívar
CO	BOY	Boyacá
CO	CAL	Caldas
CO	CAQ	Caquetá
CO	CAS	Casanare
CO	CAU	Cauca
CO	CES	Cesar
CO	CHO	Chocó
CO	COR	Córdoba
CO	CUN	Cundinamarca
CO	DC	Distrito Capital de Bogotá
CO	GUA	Guainía
CO	GUV	Guaviare
CO	HUI	Huila
CO	LAG	La Guajira
CO	MAG	Magdalena
CO	MET	Meta
CO	NAR	Nariño
CO	NSA	Norte de Santander
CO	PUT	Putumayo
CO	QUI	Quindío
CO	RIS	Risaralda
CO	SAN	Santander
CO	SAP	San Andrés, Providencia y Santa Catalina
CO	SUC	Sucre
CO	TOL	Tolima
CO	VAC	Valle del Cauca
CO	VAU	Vaupés
CO	VID	Vichada
CR	A	Alajuela
CR	C	Cartago
CR	G	Guanacaste
CR	H	Heredia
CR	L	Limón
CR	P	Puntarenas
CR	SJ	San José
CU	01	Pinar del Río
CU	02	La Habana
CU	03	Ciudad de La Habana
CU	04	Matanzas
CU	05	Villa Clara
CU	06	Cienfuegos
CU	07	Sancti Spíritus
CU	08	Ciego de Ávila
CU	09	Camagüey
CU	10	Las Tunas
CU	11	Holguín
CU	12	Granma
CU	13	Santiago de Cuba
CU	14	Guantánamo
CU	99	Isla de la Juventud
CV	BR	Brava
CV	BV	Boa Vista
CV	CA	Santa Catarina
CV	CR	Santa Cruz
CV	CS	Calheta de São Miguel
CV	MA	Maio
CV	MO	Mosteiros
CV	PA	Paúl
CV	PN	Porto Novo
CV	PR	Praia
CV	RG	Ribeira Grande
CV	SD	São Domingos
CV	SF	São Filipe
CV	SL	Sal
CV	SN	São Nicolau
CV	SV	São Vicente
CV	TA	Tarrafal
CY	01	Lefkosia
CY	02	Lemesos
CY	03	Larnaka
CY	04	Ammochostos
CY	05	Pafos
CY	06	Keryneia
CZ	JC	Jihočeský kraj
CZ	JM	Jihomoravský kraj
CZ	KA	Karlovarský kraj
CZ	KR	Královéhradecký kraj
CZ	LI	Liberecký kraj
CZ	MO	Moravskoslezský kraj
CZ	OL	Olomoucký kraj
CZ	PA	Pardubický kraj
CZ	PL	Plzeňský kraj
CZ	PR	Praha, hlavní město
CZ	ST	Středočeský kraj
CZ	US	Ústecký kraj
CZ	VY	Vysočina
CZ	ZL	Zlínský kraj
DE	BB	Brandenburg
DE	BE	Berlin
DE	BW	Baden-Württemberg
DE	BY	Bayern
DE	HB	Bremen
DE	HE	Hessen
DE	HH	Hamburg
DE	MV	Mecklenburg-Vorpommern
DE	NI	Niedersachsen
DE	NW	Nordrhein-Westfalen
DE	RP	Rheinland-Pfalz
DE	SH	Schleswig-Holstein
DE	SL	Saarland
DE	SN	Sachsen
DE	ST	Sachsen-Anhalt
DE	TH	Thüringen
DJ	AS	Ali Sabieh
DJ	DI	Dikhil
DJ	DJ	Djibouti
DJ	OB	Obock
DJ	TA	Tadjoura
DK	015	København
DK	020	Frederiksborg
DK	025	Roskilde
DK	030	Vestsjælland
DK	035	Storstrøm
DK	040	Bornholm
DK	042	Fyn
DK	050	Sønderjylland
DK	055	Ribe
DK	060	Vejle
DK	065	Ringkøbing
DK	070	Århus
DK	076	Viborg
DK	080	Nordjylland
DK	101	København
DK	147	Frederiksberg
DO	01	Distrito Nacional (Santo Domingo)
DO	02	Azua
DO	03	Bahoruco
DO	04	Barahona
DO	05	Dajabón
DO	06	Duarte
DO	07	La Estrelleta [Elías Piña]
DO	08	El Seybo [El Seibo]
DO	09	Espaillat
DO	10	Independencia
DO	11	La Altagracia
DO	12	La Romana
DO	13	La Vega
DO	14	María Trinidad Sánchez
DO	15	Monte Cristi
DO	16	Pedernales
DO	17	Peravia
DO	18	Puerto Plata
DO	19	Salcedo
DO	20	Samaná
DO	21	San Cristóbal
DO	22	San Juan
DO	23	San Pedro de Macorís
DO	24	Sánchez Ramírez
DO	25	Santiago
DO	26	Santiago Rodríguez
DO	27	Valverde
DO	28	Monseñor Nouel
DO	29	Monte Plata
DO	30	Hato Mayor
DZ	01	Adrar
DZ	02	Chlef
DZ	03	Laghouat
DZ	04	Oum el Bouaghi
DZ	05	Batna
DZ	06	Béjaïa
DZ	07	Biskra
DZ	08	Béchar
DZ	09	Blida
DZ	10	Bouira
DZ	11	Tamanghasset
DZ	12	Tébessa
DZ	13	Tlemcen
DZ	14	Tiaret
DZ	15	Tizi Ouzou
DZ	16	Alger
DZ	17	Djelfa
DZ	18	Jijel
DZ	19	Sétif
DZ	20	Saïda
DZ	21	Skikda
DZ	22	Sidi Bel Abbès
DZ	23	Annaba
DZ	24	Guelma
DZ	25	Constantine
DZ	26	Médéa
DZ	27	Mostaganem
DZ	28	Msila
DZ	29	Mascara
DZ	30	Ouargla
DZ	31	Oran
DZ	32	El Bayadh
DZ	33	Illizi
DZ	34	Bordj Bou Arréridj
DZ	35	Boumerdès
DZ	36	El Tarf
DZ	37	Tindouf
DZ	38	Tissemsilt
DZ	39	El Oued
DZ	40	Khenchela
DZ	41	Souk Ahras
DZ	42	Tipaza
DZ	43	Mila
DZ	44	Aïn Defla
DZ	45	Naama
DZ	46	Aïn Témouchent
DZ	47	Ghardaïa
DZ	48	Relizane
EC	A	Azuay
EC	B	Bolívar
EC	C	Carchi
EC	D	Orellana
EC	E	Esmeraldas
EC	F	Cañar
EC	G	Guayas
EC	H	Chimborazo
EC	I	Imbabura
EC	L	Loja
EC	M	Manabí
EC	N	Napo
EC	O	El Oro
EC	P	Pichincha
EC	R	Los Ríos
EC	S	Morona-Santiago
EC	T	Tungurahua
EC	U	Sucumbíos
EC	W	Galápagos
EC	X	Cotopaxi
EC	Y	Pastaza
EC	Z	Zamora-Chinchipe
EE	37	Harjumaa
EE	39	Hiiumaa
EE	44	Ida-Virumaa
EE	49	Jõgevamaa
EE	51	Järvamaa
EE	57	Läänemaa
EE	59	Lääne-Virumaa
EE	65	Põlvamaa
EE	67	Pärnumaa
EE	70	Raplamaa
EE	74	Saaremaa
EE	78	Tartumaa
EE	82	Valgamaa
EE	84	Viljandimaa
EE	86	Võrumaa
EG	ALX	Al Iskandarīyah
EG	ASN	Aswān
EG	AST	Asyūţ
EG	BA	Al Baḩr al Aḩmar
EG	BH	Al Buḩayrah
EG	BNS	Banī Suwayf
EG	C	Al Qāhirah
EG	DK	Ad Daqahlīyah
EG	DT	Dumyāţ
EG	FYM	Al Fayyūm
EG	GH	Al Gharbīyah
EG	GZ	Al Jīzah
EG	IS	Al Ismāٰīlīyah
EG	JS	Janūb Sīnā'
EG	KB	Al Qalyūbīyah
EG	KFS	Kafr ash Shaykh
EG	KN	Qinā
EG	MN	Al Minyā
EG	MNF	Al Minūfīyah
EG	MT	Maţrūḩ
EG	PTS	Būr Saٰīd
EG	SHG	Sūhāj
EG	SHR	Ash Sharqīyah
EG	SIN	Shamāl Sīnā'
EG	SUZ	As Suways
EG	WAD	Al Wādī al Jadīd
ER	AN	Anseba
ER	DK	Debubawi Keyih Bahri [Debub-Keih-Bahri]
ER	DU	Debub
ER	GB	Gash-Barka
ER	MA	Maakel [Maekel]
ER	SK	Semenawi Keyih Bahri [Semien-Keih-Bahri]
ES	A	Alicante
ES	AB	Albacete
ES	AL	Almería
ES	AV	Ávila
ES	B	Barcelona
ES	BA	Badajoz
ES	BI	Vizcaya
ES	BU	Burgos
ES	C	A Coruña
ES	CA	Cádiz
ES	CC	Cáceres
ES	CE	Ceuta
ES	CO	Córdoba
ES	CR	Ciudad Real
ES	CS	Castellón
ES	CU	Cuenca
ES	GC	Las Palmas
ES	GI	Girona
ES	GR	Granada
ES	GU	Guadalajara
ES	H	Huelva
ES	HU	Huesca
ES	J	Jaén
ES	L	Lleida
ES	LE	León
ES	LO	La Rioja
ES	LU	Lugo
ES	M	Madrid
ES	MA	Málaga
ES	ML	Melilla
ES	MU	Murcia
ES	NA	Navarra
ES	O	Asturias
ES	OR	Ourense
ES	P	Palencia
ES	PM	Baleares
ES	PO	Pontevedra
ES	S	Cantabria
ES	SA	Salamanca
ES	SE	Sevilla
ES	SG	Segovia
ES	SO	Soria
ES	SS	Guipúzcoa
ES	T	Tarragona
ES	TE	Teruel
ES	TF	Santa Cruz de Tenerife
ES	TO	Toledo
ES	V	Valencia
ES	VA	Valladolid
ES	VI	Álava
ES	Z	Zaragoza
ES	ZA	Zamora
ET	AA	Ādīs Ābeba
ET	AF	Āfar
ET	AM	Āmara
ET	BE	Bīnshangul Gumuz
ET	DD	Dirē Dawa
ET	GA	Gambēla Hizboch
ET	HA	Hārerī Hizb
ET	OR	Oromīya
ET	SN	YeDebub Bihēroch Bihēreseboch na Hizboch
ET	SO	Sumalē
ET	TI	Tigray
FI	AL	Ahvenanmaan lääni
FI	ES	Etelä-Suomen lääni
FI	IS	Itä-Suomen lääni
FI	LL	Lapin lääni
FI	LS	Länsi-Suomen lääni
FI	OL	Oulun lääni
FJ	C	Central
FJ	E	Eastern
FJ	N	Northern
FJ	R	Rotuma
FJ	W	Western
FM	KSA	Kosrae
FM	PNI	Pohnpei
FM	TRK	Chuuk
FM	YAP	Yap
FR	01	Ain
FR	02	Aisne
FR	03	Allier
FR	04	Alpes-de-Haute-Provence
FR	05	Hautes-Alpes
FR	06	Alpes-Maritimes
FR	07	Ardèche
FR	08	Ardennes
FR	09	Ariège
FR	10	Aube
FR	11	Aude
FR	12	Aveyron
FR	13	Bouches-du-Rhône
FR	14	Calvados
FR	15	Cantal
FR	16	Charente
FR	17	Charente-Maritime
FR	18	Cher
FR	19	Corrèze
FR	21	Côte-d'Or
FR	22	Côtes-d'Armor
FR	23	Creuse
FR	24	Dordogne
FR	25	Doubs
FR	26	Drôme
FR	27	Eure
FR	28	Eure-et-Loir
FR	29	Finistère
FR	2A	Corse-du-Sud
FR	2B	Haute-Corse
FR	30	Gard
FR	31	Haute-Garonne
FR	32	Gers
FR	33	Gironde
FR	34	Hérault
FR	35	Ille-et-Vilaine
FR	36	Indre
FR	37	Indre-et-Loire
FR	38	Isère
FR	39	Jura
FR	40	Landes
FR	41	Loir-et-Cher
FR	42	Loire
FR	43	Haute-Loire
FR	44	Loire-Atlantique
FR	45	Loiret
FR	46	Lot
FR	47	Lot-et-Garonne
FR	48	Lozère
FR	49	Maine-et-Loire
FR	50	Manche
FR	51	Marne
FR	52	Haute-Marne
FR	53	Mayenne
FR	54	Meurthe-et-Moselle
FR	55	Meuse
FR	56	Morbihan
FR	57	Moselle
FR	58	Nièvre
FR	59	Nord
FR	60	Oise
FR	61	Orne
FR	62	Pas-de-Calais
FR	63	Puy-de-Dôme
FR	64	Pyrénées-Atlantiques
FR	65	Hautes-Pyrénées
FR	66	Pyrénées-Orientales
FR	67	Bas-Rhin
FR	68	Haut-Rhin
FR	69	Rhône
FR	70	Haute-Saône
FR	71	Saône-et-Loire
FR	72	Sarthe
FR	73	Savoie
FR	74	Haute-Savoie
FR	75	Paris
FR	76	Seine-Maritime
FR	77	Seine-et-Marne
FR	78	Yvelines
FR	79	Deux-Sèvres
FR	80	Somme
FR	81	Tarn
FR	82	Tarn-et-Garonne
FR	83	Var
FR	84	Vaucluse
FR	85	Vendée
FR	86	Vienne
FR	87	Haute-Vienne
FR	88	Vosges
FR	89	Yonne
FR	90	Territoire de Belfort
FR	91	Essonne
FR	92	Hauts-de-Seine
FR	93	Seine-Saint-Denis
FR	94	Val-de-Marne
FR	95	Val-d'Oise
FR	NC	Nouvelle-Calédonie (see also separate entry under NC)
FR	PF	Polynésie française (see also separate entry under PF)
FR	PM	Saint-Pierre-et-Miquelon (see also separate entry under PM)
FR	TF	Terres Australes Françaises (see also separate entry under TF)
FR	WF	Wallis et Futuna (see also separate entry under WF)
FR	YT	Mayotte (see also separate entry under YT)
GA	1	Estuaire
GA	2	Haut-Ogooué
GA	3	Moyen-Ogooué
GA	4	Ngounié
GA	5	Nyanga
GA	6	Ogooué-Ivindo
GA	7	Ogooué-Lolo
GA	8	Ogooué-Maritime
GA	9	Woleu-Ntem
GB	ABD	Aberdeenshire
GB	ABE	Aberdeen City
GB	AGB	Argyll and Bute
GB	AGY	Isle of Anglesey [Sir Ynys Môn GB-YNM]
GB	ANS	Angus
GB	ANT	Antrim
GB	ARD	Ards
GB	ARM	Armagh
GB	BAS	Bath and North East Somerset
GB	BBD	Blackburn with Darwen
GB	BDF	Bedfordshire
GB	BDG	Barking and Dagenham
GB	BEN	Brent
GB	BEX	Bexley
GB	BFS	Belfast
GB	BGE	Bridgend [Pen-y-bont ar Ogwr GB-POG]
GB	BGW	Blaenau Gwent
GB	BIR	Birmingham
GB	BKM	Buckinghamshire
GB	BLA	Ballymena
GB	BLY	Ballymoney
GB	BMH	Bournemouth
GB	BNB	Banbridge
GB	BNE	Barnet
GB	BNH	Brighton and Hove
GB	BNS	Barnsley
GB	BOL	Bolton
GB	BPL	Blackpool
GB	BRC	Bracknell Forest
GB	BRD	Bradford
GB	BRY	Bromley
GB	BST	Bristol, City of
GB	BUR	Bury
GB	CAM	Cambridgeshire
GB	CAY	Caerphilly [Caerffili GB-CAF]
GB	CGN	Ceredigion [Sir Ceredigion]
GB	CGV	Craigavon
GB	CHS	Cheshire
GB	CKF	Carrickfergus
GB	CKT	Cookstown
GB	CLD	Calderdale
GB	CLK	Clackmannanshire
GB	CLR	Coleraine
GB	CMA	Cumbria
GB	CMD	Camden
GB	CMN	Carmarthenshire [Sir Gaerfyrddin GB-GFY]
GB	CON	Cornwall
GB	COV	Coventry
GB	CRF	Cardiff [Caerdydd GB-CRD]
GB	CRY	Croydon
GB	CSR	Castlereagh
GB	CWY	Conwy
GB	DAL	Darlington
GB	DBY	Derbyshire
GB	DEN	Denbighshire [Sir Ddinbych GB-DDB]
GB	DER	Derby
GB	DEV	Devon
GB	DGN	Dungannon
GB	DGY	Dumfries and Galloway
GB	DNC	Doncaster
GB	DND	Dundee City
GB	DOR	Dorset
GB	DOW	Down
GB	DRY	Derry
GB	DUD	Dudley
GB	DUR	Durham
GB	EAL	Ealing
GB	EAY	East Ayrshire
GB	EDH	Edinburgh, City of
GB	EDU	East Dunbartonshire
GB	ELN	East Lothian
GB	ELS	Eilean Siar
GB	ENF	Enfield
GB	ERW	East Renfrewshire
GB	ERY	East Riding of Yorkshire
GB	ESS	Essex
GB	ESX	East Sussex
GB	FAL	Falkirk
GB	FER	Fermanagh
GB	FIF	Fife
GB	FLN	Flintshire [Sir y Fflint GB-FFL]
GB	GAT	Gateshead
GB	GLG	Glasgow City
GB	GLS	Gloucestershire
GB	GRE	Greenwich
GB	GSY	Guernsey [Guernesey]
GB	GWN	Gwynedd
GB	HAL	Halton
GB	HAM	Hampshire
GB	HAV	Havering
GB	HCK	Hackney
GB	HEF	Herefordshire, County of
GB	HIL	Hillingdon
GB	HLD	Highland
GB	HMF	Hammersmith and Fulham
GB	HNS	Hounslow
GB	HPL	Hartlepool
GB	HRT	Hertfordshire
GB	HRW	Harrow
GB	HRY	Haringey
GB	IOS	Isles of Scilly
GB	IOW	Isle of Wight
GB	ISL	Islington
GB	IVC	Inverclyde
GB	JSY	Jersey
GB	KEC	Kensington and Chelsea
GB	KEN	Kent
GB	KHL	Kingston upon Hull, City of
GB	KIR	Kirklees
GB	KTT	Kingston upon Thames
GB	KWL	Knowsley
GB	LAN	Lancashire
GB	LBH	Lambeth
GB	LCE	Leicester
GB	LDS	Leeds
GB	LEC	Leicestershire
GB	LEW	Lewisham
GB	LIN	Lincolnshire
GB	LIV	Liverpool
GB	LMV	Limavady
GB	LND	London, City of
GB	LRN	Larne
GB	LSB	Lisburn
GB	LUT	Luton
GB	MAN	Manchester
GB	MDB	Middlesbrough
GB	MDW	Medway
GB	MFT	Magherafelt
GB	MIK	Milton Keynes
GB	MLN	Midlothian
GB	MON	Monmouthshire [Sir Fynwy GB-FYN]
GB	MRT	Merton
GB	MRY	Moray
GB	MTY	Merthyr Tydfil [Merthyr Tudful GB-MTU]
GB	MYL	Moyle
GB	NAY	North Ayrshire
GB	NBL	Northumberland
GB	NDN	North Down
GB	NEL	North East Lincolnshire
GB	NET	Newcastle upon Tyne
GB	NFK	Norfolk
GB	NGM	Nottingham
GB	NLK	North Lanarkshire
GB	NLN	North Lincolnshire
GB	NSM	North Somerset
GB	NTA	Newtownabbey
GB	NTH	Northamptonshire
GB	NTL	Neath Port Talbot [Castell-nedd Port Talbot GB-CTL]
GB	NTT	Nottinghamshire
GB	NTY	North Tyneside
GB	NWM	Newham
GB	NWP	Newport [Casnewydd GB-CNW]
GB	NYK	North Yorkshire
GB	NYM	Newry and Mourne
GB	OLD	Oldham
GB	OMH	Omagh
GB	ORK	Orkney Islands
GB	OXF	Oxfordshire
GB	PEM	Pembrokeshire [Sir Benfro GB-BNF]
GB	PKN	Perth and Kinross
GB	PLY	Plymouth
GB	POL	Poole
GB	POR	Portsmouth
GB	POW	Powys
GB	PTE	Peterborough
GB	RCC	Redcar and Cleveland
GB	RCH	Rochdale
GB	RCT	Rhondda, Cynon, Taff [Rhondda, Cynon, Taf]
GB	RDB	Redbridge
GB	RDG	Reading
GB	RFW	Renfrewshire
GB	RIC	Richmond upon Thames
GB	ROT	Rotherham
GB	RUT	Rutland
GB	SAW	Sandwell
GB	SAY	South Ayrshire
GB	SCB	Scottish Borders, The
GB	SFK	Suffolk
GB	SFT	Sefton
GB	SGC	South Gloucestershire
GB	SHF	Sheffield
GB	SHN	St. Helens
GB	SHR	Shropshire
GB	SKP	Stockport
GB	SLF	Salford
GB	SLG	Slough
GB	SLK	South Lanarkshire
GB	SND	Sunderland
GB	SOL	Solihull
GB	SOM	Somerset
GB	SOS	Southend-on-Sea
GB	SRY	Surrey
GB	STB	Strabane
GB	STE	Stoke-on-Trent
GB	STG	Stirling
GB	STH	Southampton
GB	STN	Sutton
GB	STS	Staffordshire
GB	STT	Stockton-on-Tees
GB	STY	South Tyneside
GB	SWA	Swansea [Abertawe GB-ATA]
GB	SWD	Swindon
GB	SWK	Southwark
GB	TAM	Tameside
GB	TFW	Telford and Wrekin
GB	THR	Thurrock
GB	TOB	Torbay
GB	TOF	Torfaen [Tor-faen]
GB	TRF	Trafford
GB	TWH	Tower Hamlets
GB	VGL	Vale of Glamorgan, The [Bro Morgannwg GB-BMG]
GB	WAR	Warwickshire
GB	WBK	West Berkshire
GB	WDU	West Dunbartonshire
GB	WFT	Waltham Forest
GB	WGN	Wigan
GB	WIL	Wiltshire
GB	WKF	Wakefield
GB	WLL	Walsall
GB	WLN	West Lothian
GB	WLV	Wolverhampton
GB	WND	Wandsworth
GB	WNM	Windsor and Maidenhead
GB	WOK	Wokingham
GB	WOR	Worcestershire
GB	WRL	Wirral
GB	WRT	Warrington
GB	WRX	Wrexham [Wrecsam GB-WRC]
GB	WSM	Westminster
GB	WSX	West Sussex
GB	YOR	York
GB	ZET	Shetland Islands
GE	AB	Abkhazia
GE	AJ	Ajaria
GE	GU	Guria
GE	IM	Imereti
GE	KA	Kakheti
GE	KK	Kvemo Kartli
GE	MM	Mtskheta-Mtianeti
GE	RL	Racha-Lechkhumi [and] Kvemo Svaneti
GE	SJ	Samtskhe-Javakheti
GE	SK	Shida Kartli
GE	SZ	Samegrelo-Zemo Svaneti
GE	TB	Tbilisi
GH	AA	Greater Accra
GH	AH	Ashanti
GH	BA	Brong-Ahafo
GH	CP	Central
GH	EP	Eastern
GH	NP	Northern
GH	TV	Volta
GH	UE	Upper East
GH	UW	Upper West
GH	WP	Western
GM	B	Banjul
GM	L	Lower River
GM	M	MacCarthy Island
GM	N	North Bank
GM	U	Upper River
GM	W	Western
GN	BE	Beyla
GN	BF	Boffa
GN	BK	Boké
GN	CO	Coyah
GN	DB	Dabola
GN	DI	Dinguiraye
GN	DL	Dalaba
GN	DU	Dubréka
GN	FA	Faranah
GN	FO	Forécariah
GN	FR	Fria
GN	GA	Gaoual
GN	GU	Guékédou
GN	KA	Kankan
GN	KB	Koubia
GN	KD	Kindia
GN	KE	Kérouané
GN	KN	Koundara
GN	KO	Kouroussa
GN	KS	Kissidougou
GN	LA	Labé
GN	LE	Lélouma
GN	LO	Lola
GN	MC	Macenta
GN	MD	Mandiana
GN	ML	Mali
GN	MM	Mamou
GN	NZ	Nzérékoré
GN	PI	Pita
GN	SI	Siguiri
GN	TE	Télimélé
GN	TO	Tougué
GN	YO	Yomou
GQ	AN	Annobón
GQ	BN	Bioko Norte
GQ	BS	Bioko Sur
GQ	C	Región Continental
GQ	CS	Centro Sur
GQ	I	Región Insular
GQ	KN	Kie-Ntem
GQ	LI	Litoral
GQ	WN	Wele-Nzás
GR	01	Aitolia-Akarnania
GR	03	Voiotia
GR	04	Evvoia
GR	05	Evrytania
GR	06	Fthiotis
GR	07	Fokis
GR	11	Argolis
GR	12	Arkadia
GR	13	Achaïa
GR	14	Ileia
GR	15	Korinthia
GR	16	Lakonia
GR	17	Messinia
GR	21	Zakynthos
GR	22	Kerkyra
GR	23	Kefallinia
GR	24	Lefkas
GR	31	Arta
GR	32	Thesprotia
GR	33	Ioannina
GR	34	Preveza
GR	41	Karditsa
GR	42	Larisa
GR	43	Magnisia
GR	44	Trikala
GR	51	Grevena
GR	52	Drama
GR	53	Imathia
GR	54	Thessaloniki
GR	55	Kavalla
GR	56	Kastoria
GR	57	Kilkis
GR	58	Kozani
GR	59	Pella
GR	61	Pieria
GR	62	Serrai
GR	63	Florina
GR	64	Chalkidiki
GR	69	Agio Oros
GR	71	Evros
GR	72	Xanthi
GR	73	Rodopi
GR	81	Dodekanisos
GR	82	Kyklades
GR	83	Lesvos
GR	84	Samos
GR	85	Chios
GR	91	Irakleion
GR	92	Lasithion
GR	93	Rethymnon
GR	94	Chania
GR	A1	Attiki
GT	AV	Alta Verapaz
GT	BV	Baja Verapaz
GT	CM	Chimaltenango
GT	CQ	Chiquimula
GT	ES	Escuintla
GT	GU	Guatemala
GT	HU	Huehuetenango
GT	IZ	Izabal
GT	JA	Jalapa
GT	JU	Jutiapa
GT	PE	Petén
GT	PR	El Progreso
GT	QC	Quiché
GT	QZ	Quetzaltenango
GT	RE	Retalhuleu
GT	SA	Sacatepéquez
GT	SM	San Marcos
GT	SO	Sololá
GT	SR	Santa Rosa
GT	SU	Suchitepéquez
GT	TO	Totonicapán
GT	ZA	Zacapa
GW	BA	Bafatá
GW	BL	Bolama
GW	BM	Biombo
GW	BS	Bissau
GW	CA	Cacheu
GW	GA	Gabú
GW	OI	Oio
GW	QU	Quinara
GW	TO	Tombali
GY	BA	Barima-Waini
GY	CU	Cuyuni-Mazaruni
GY	DE	Demerara-Mahaica
GY	EB	East Berbice-Corentyne
GY	ES	Essequibo Islands-West Demerara
GY	MA	Mahaica-Berbice
GY	PM	Pomeroon-Supenaam
GY	PT	Potaro-Siparuni
GY	UD	Upper Demerara-Berbice
GY	UT	Upper Takutu-Upper Essequibo
HN	AT	Atlántida
HN	CH	Choluteca
HN	CL	Colón
HN	CM	Comayagua
HN	CP	Copán
HN	CR	Cortés
HN	EP	El Paraíso
HN	FM	Francisco Morazán
HN	GD	Gracias a Dios
HN	IB	Islas de la Bahía
HN	IN	Intibucá
HN	LE	Lempira
HN	LP	La Paz
HN	OC	Ocotepeque
HN	OL	Olancho
HN	SB	Santa Bárbara
HN	VA	Valle
HN	YO	Yoro
HR	01	Zagrebačka županija
HR	02	Krapinsko-zagorska županija
HR	03	Sisačko-moslavačka županija
HR	04	Karlovačka županija
HR	05	Varaždinska županija
HR	06	Koprivničko-križevačka županija
HR	07	Bjelovarsko-bilogorska županija
HR	08	Primorsko-goranska županija
HR	09	Ličko-senjska županija
HR	10	Virovitičko-podravska županija
HR	11	Požeško-slavonska županija
HR	12	Brodsko-posavska županija
HR	13	Zadarska županija
HR	14	Osječko-baranjska županija
HR	15	Šibensko-kninska županija
HR	16	Vukovarsko-srijemska županija
HR	17	Splitsko-dalmatinska županija
HR	18	Istarska županija
HR	19	Dubrovačko-neretvanska županija
HR	20	Međimurska županija
HR	21	Grad Zagreb
HT	AR	Artibonite
HT	CE	Centre
HT	GA	Grande-Anse
HT	ND	Nord
HT	NE	Nord-Est
HT	NO	Nord-Ouest
HT	OU	Ouest
HT	SD	Sud
HT	SE	Sud-Est
HU	BA	Baranya
HU	BC	Békéscsaba
HU	BE	Békés
HU	BK	Bács-Kiskun
HU	BU	Budapest
HU	BZ	Borsod-Abaúj-Zemplén
HU	CS	Csongrád
HU	DE	Debrecen
HU	DU	Dunaújváros
HU	EG	Eger
HU	FE	Fejér
HU	GS	Győr-Moson-Sopron
HU	GY	Győr
HU	HB	Hajdú-Bihar
HU	HE	Heves
HU	HV	Hódmezővásárhely
HU	JN	Jász-Nagykun-Szolnok
HU	KE	Komárom-Esztergom
HU	KM	Kecskemét
HU	KV	Kaposvár
HU	MI	Miskolc
HU	NK	Nagykanizsa
HU	NO	Nógrád
HU	NY	Nyíregyháza
HU	PE	Pest
HU	PS	Pécs
HU	SD	Szeged
HU	SF	Székesfehérvár
HU	SH	Szombathely
HU	SK	Szolnok
HU	SN	Sopron
HU	SO	Somogy
HU	SS	Szekszárd
HU	ST	Salgótarján
HU	SZ	Szabolcs-Szatmár-Bereg
HU	TB	Tatabánya
HU	TO	Tolna
HU	VA	Vas
HU	VE	Veszprém
HU	VM	Veszprém
HU	ZA	Zala
HU	ZE	Zalaegerszeg
ID	AC	Aceh
ID	BA	Bali
ID	BB	Bangka Belitung
ID	BE	Bengkulu
ID	BT	Banten
ID	GO	Gorontalo
ID	JA	Jambi
ID	JB	Jawa Barat
ID	JI	Jawa Timur
ID	JK	Jakarta Raya
ID	JT	Jawa Tengah
ID	KB	Kalimantan Barat
ID	KI	Kalimantan Timur
ID	KR	Kepulauan Riau
ID	KS	Kalimantan Selatan
ID	KT	Kalimantan Tengah
ID	LA	Lampung
ID	MA	Maluku
ID	MU	Maluku Utara
ID	NB	Nusa Tenggara Barat
ID	NT	Nusa Tenggara Timur
ID	PA	Papua
ID	RI	Riau
ID	SA	Sulawesi Utara
ID	SB	Sumatera Barat
ID	SG	Sulawesi Tenggara
ID	SN	Sulawesi Selatan
ID	SS	Sumatera Selatan
ID	ST	Sulawesi Tengah
ID	SU	Sumatera Utara
ID	YO	Yogyakarta
IE	C	Cork
IE	CE	Clare
IE	CN	Cavan
IE	CW	Carlow
IE	D	Dublin
IE	DL	Donegal
IE	G	Galway
IE	KE	Kildare
IE	KK	Kilkenny
IE	KY	Kerry
IE	LD	Longford
IE	LH	Louth
IE	LK	Limerick
IE	LM	Leitrim
IE	LS	Laois
IE	MH	Meath
IE	MN	Monaghan
IE	MO	Mayo
IE	OY	Offaly
IE	RN	Roscommon
IE	SO	Sligo
IE	TA	Tipperary
IE	WD	Waterford
IE	WH	Westmeath
IE	WW	Wicklow
IE	WX	Wexford
IL	D	HaDarom
IL	HA	H̱efa
IL	JM	Yerushalayim
IL	M	HaMerkaz
IL	TA	Tel-Aviv
IL	Z	Ha Ẕafon
IN	AN	Andaman and Nicobar Islands
IN	AP	Andhra Pradesh
IN	AR	Arunāchal Pradesh
IN	AS	Assam
IN	BR	Bihār
IN	CH	Chandīgarh
IN	CT	Chhattīsgarh
IN	DD	Damān and Diu
IN	DL	Delhi
IN	DN	Dādra and Nagar Haveli
IN	GA	Goa
IN	GJ	Gujarāt
IN	HP	Himāchal Pradesh
IN	HR	Haryāna
IN	JH	Jharkhand
IN	JK	Jammu and Kashmīr
IN	KA	Karnātaka
IN	KL	Kerala
IN	LD	Lakshadweep
IN	MH	Mahārāshtra
IN	ML	Meghālaya
IN	MN	Manipur
IN	MP	Madhya Pradesh
IN	MZ	Mizoram
IN	NL	Nāgāland
IN	OR	Orissa
IN	PB	Punjab
IN	PY	Pondicherry
IN	RJ	Rājasthān
IN	SK	Sikkim
IN	TN	Tamil Nādu
IN	TR	Tripura
IN	UL	Uttaranchal
IN	UP	Uttar Pradesh
IN	WB	West Bengal
IQ	AN	Al Anbār
IQ	AR	Arbīl
IQ	BA	Al Başrah
IQ	BB	Bābil
IQ	BG	Baghdād
IQ	DA	Dahūk
IQ	DI	Diyālá
IQ	DQ	Dhī Qār
IQ	KA	Karbalā'
IQ	MA	Maysān
IQ	MU	Al Muthanná
IQ	NA	An Najaf
IQ	NI	Nīnawá
IQ	QA	Al Qādisīyah
IQ	SD	Şalāḩ ad Dīn
IQ	SU	As Sulaymānīyah
IQ	TS	At Ta'mīm
IQ	WA	Wāsiţ
IR	01	Āz̄arbāyjān-e Sharqī
IR	02	Āz̄arbāyjān-e Gharbī
IR	03	Ardabīl
IR	04	Eşfahān
IR	05	Īlām
IR	06	Būshehr
IR	07	Tehrān
IR	08	Chahār Maḩāll va Bakhtīārī
IR	09	Khorāsān
IR	10	Khūzestān
IR	11	Zanjān
IR	12	Semnān
IR	13	Sīstān va Balūchestān
IR	14	Fārs
IR	15	Kermān
IR	16	Kordestān
IR	17	Kermānshāh
IR	18	Kohkīlūyeh va Būyer Ahmad
IR	19	Gīlān
IR	20	Lorestān
IR	21	Māzandarān
IR	22	Markazī
IR	23	Hormozgān
IR	24	Hamadān
IR	25	Yazd
IR	26	Qom
IR	27	Golestān
IR	28	Qazvīn
IS	0	Reykjavík
IS	1	Höfuðborgarsvæði utan Reykjavíkur
IS	2	Suðurnes
IS	3	Vesturland
IS	4	Vestfirðir
IS	5	Norðurland vestra
IS	6	Norðurland eystra
IS	7	Austurland
IS	8	Suðurland
IT	AG	Agrigento
IT	AL	Alessandria
IT	AN	Ancona
IT	AO	Aosta
IT	AP	Ascoli Piceno
IT	AQ	L'Aquila
IT	AR	Arezzo
IT	AT	Asti
IT	AV	Avellino
IT	BA	Bari
IT	BG	Bergamo
IT	BI	Biella
IT	BL	Belluno
IT	BN	Benevento
IT	BO	Bologna
IT	BR	Brindisi
IT	BS	Brescia
IT	BZ	Bolzano
IT	CA	Cagliari
IT	CB	Campobasso
IT	CE	Caserta
IT	CH	Chieti
IT	CL	Caltanissetta
IT	CN	Cuneo
IT	CO	Como
IT	CR	Cremona
IT	CS	Cosenza
IT	CT	Catania
IT	CZ	Catanzaro
IT	EN	Enna
IT	FE	Ferrara
IT	FG	Foggia
IT	FI	Firenze
IT	FO	Forlì
IT	FR	Frosinone
IT	GE	Genova
IT	GO	Gorizia
IT	GR	Grosseto
IT	IM	Imperia
IT	IS	Isernia
IT	KR	Crotone
IT	LC	Lecco
IT	LE	Lecce
IT	LI	Livorno
IT	LO	Lodi
IT	LT	Latina
IT	LU	Lucca
IT	MC	Macerata
IT	ME	Messina
IT	MI	Milano
IT	MN	Mantova
IT	MO	Modena
IT	MS	Massa-Carrara
IT	MT	Matera
IT	NA	Napoli
IT	NO	Novara
IT	NU	Nuoro
IT	OR	Oristano
IT	PA	Palermo
IT	PC	Piacenza
IT	PD	Padova
IT	PE	Pescara
IT	PG	Perugia
IT	PI	Pisa
IT	PN	Pordenone
IT	PO	Prato
IT	PR	Parma
IT	PS	Pesaro e Urbino
IT	PT	Pistoia
IT	PV	Pavia
IT	PZ	Potenza
IT	RA	Ravenna
IT	RC	Reggio Calabria
IT	RE	Reggio Emilia
IT	RG	Ragusa
IT	RI	Rieti
IT	RM	Roma
IT	RN	Rimini
IT	RO	Rovigo
IT	SA	Salerno
IT	SI	Siena
IT	SO	Sondrio
IT	SP	La Spezia
IT	SR	Siracusa
IT	SS	Sassari
IT	SV	Savona
IT	TA	Taranto
IT	TE	Teramo
IT	TN	Trento
IT	TO	Torino
IT	TP	Trapani
IT	TR	Terni
IT	TS	Trieste
IT	TV	Treviso
IT	UD	Udine
IT	VA	Varese
IT	VB	Verbano-Cusio-Ossola
IT	VC	Vercelli
IT	VE	Venezia
IT	VI	Vicenza
IT	VR	Verona
IT	VT	Viterbo
IT	VV	Vibo Valentia
JM	01	Kingston
JM	02	Saint Andrew
JM	03	Saint Thomas
JM	04	Portland
JM	05	Saint Mary
JM	06	Saint Ann
JM	07	Trelawny
JM	08	Saint James
JM	09	Hanover
JM	10	Westmoreland
JM	11	Saint Elizabeth
JM	12	Manchester
JM	13	Clarendon
JM	14	Saint Catherine
JO	AJ	Ājlūn
JO	AM	Āmmān
JO	AQ	Al ٰĀqaba
JO	AT	Aţ Ţafīlah
JO	AZ	Az Zarqā'
JO	BA	Al Balqā'
JO	IR	Irbid
JO	JA	Jarash
JO	KA	Al Karak
JO	MA	Al Mafraq
JO	MD	Mādaba
JO	MN	Maٰān
JP	01	Hokkaidô [Hokkaido]
JP	02	Aomori
JP	03	Iwate
JP	04	Miyagi
JP	05	Akita
JP	06	Yamagata
JP	07	Hukusima [Fukushima]
JP	08	Ibaraki
JP	09	Totigi [Tochigi]
JP	10	Gunma
JP	11	Saitama
JP	12	Tiba [Chiba]
JP	13	Tôkyô [Tokyo]
JP	14	Kanagawa
JP	15	Niigata
JP	16	Toyama
JP	17	Isikawa [Ishikawa]
JP	18	Hukui [Fukui]
JP	19	Yamanasi [Yamanashi]
JP	20	Nagano
JP	21	Gihu [Gifu]
JP	22	Sizuoka [Shizuoka]
JP	23	Aiti [Aichi]
JP	24	Mie
JP	25	Siga [Shiga]
JP	26	Kyôto [Kyoto]
JP	27	Ôsaka [Osaka]
JP	28	Hyôgo [Hyogo]
JP	29	Nara
JP	30	Wakayama
JP	31	Tottori
JP	32	Simane [Shimane]
JP	33	Okayama
JP	34	Hirosima [Hiroshima]
JP	35	Yamaguti [Yamaguchi]
JP	36	Tokusima [Tokushima]
JP	37	Kagawa
JP	38	Ehime
JP	39	Kôti [Kochi]
JP	40	Hukuoka [Fukuoka]
JP	41	Saga
JP	42	Nagasaki
JP	43	Kumamoto
JP	44	Ôita [Oita]
JP	45	Miyazaki
JP	46	Kagosima [Kagoshima]
JP	47	Okinawa
KE	110	Nairobi Municipality
KE	200	Central
KE	300	Coast
KE	400	Eastern
KE	500	North-Eastern
KE	600	Nyanza
KE	700	Rift Valley
KE	900	Western
KG	B	Batken
KG	C	Chü
KG	GB	Bishkek
KG	J	Jalal-Abad
KG	N	Naryn
KG	O	Osh
KG	T	Talas
KG	Y	Ysyk-Köl
KH	1	Banteay Mean Chey [Bântéay Méanchey]
KH	10	Kracheh [Krâchéh]
KH	11	Mondol Kiri [Môndól Kiri]
KH	12	Phnom Penh [Phnum Pénh]
KH	13	Preah Vihear [Preăh Vihéar]
KH	14	Prey Veaeng [Prey Vêng]
KH	15	Pousaat [Poŭthĭsăt]
KH	16	Rotanak Kiri [Rôtânôkiri]
KH	17	Siem Reab [Siĕmréab]
KH	18	Krong Preah Sihanouk [Krŏng Preăh Sihanouk]
KH	19	Stueng Traeng [Stœ̆ng Trêng]
KH	2	Baat Dambang [Bătdâmbâng]
KH	20	Svaay Rieng [Svay Riĕng]
KH	21	Taakaev [Takêv]
KH	22	Otdar Mean Chey [Ŏtdâr Méanchey]
KH	23	Krong Kaeb [Krŏng Kêb]
KH	24	Krong Pailin [Krŏng Pailĭn]
KH	3	Kampong Chaam [Kâmpóng Cham]
KH	4	Kampong Chhnang [Kâmpóng Chhnăng]
KH	5	Kampong Spueu [Kâmpóng Spœ]
KH	6	Kampong Thum [Kâmpóng Thum]
KH	7	Kampot [Kâmpôt]
KH	8	Kandaal [Kândal]
KH	9	Kaoh Kong [Kaôh Kŏng]
KI	G	Gilbert Islands
KI	L	Line Islands
KI	P	Phoenix Islands
KM	A	Anjouan
KM	G	Grande Comore
KM	M	Mohéli
KP	CHA	Chagang-do
KP	HAB	Hamgyongbuk-do
KP	HAN	Hamgyongnam-do
KP	HWB	Hwanghaebuk-do
KP	HWN	Hwanghaenam-do
KP	KAE	Kaesong-si
KP	KAN	Kangwon-do
KP	NAJ	Najin Sonbong-si
KP	NAM	Nampo-si
KP	PYB	Pyonganbuk-do
KP	PYN	Pyongannam-do
KP	PYO	Pyongyang-si
KP	YAN	Yanggang-do
KR	11	Seoul Teugbyeolsi [Seoul-T'ǔkpyǒlshi]
KR	26	Busan Gwang'yeogsi [Pusan-Kwangyǒkshi]
KR	27	Daegu Gwang'yeogsi [Taegu-Kwangyǒkshi]
KR	28	Incheon Gwang'yeogsi [Inch'n-Kwangyǒkshi]
KR	29	Gwangju Gwang'yeogsi [Kwangju-Kwangyǒkshi]
KR	30	Daejeon Gwang'yeogsi [Taejǒn-Kwangyǒkshi]
KR	31	Ulsan Gwang'yeogsi [Ulsan-Kwangyǒkshi]
KR	41	Gyeonggido [Kyǒnggi-do]
KR	42	Gang'weondo [Kang-won-do]
KR	43	Chungcheongbugdo [Ch'ungch'ǒngbuk-do]
KR	44	Chungcheongnamdo [Ch'ungch'ǒngnam-do]
KR	45	Jeonrabugdo[Chǒllabuk-do]
KR	46	Jeonranamdo [Chǒllanam-do]
KR	47	Gyeongsangbugdo [Kyǒngsangbuk-do]
KR	48	Gyeongsangnamdo [Kyǒngsangnam-do]
KR	49	Jejudo [Cheju-do]
KW	AH	Al Aḩmadī
KW	FA	Al Farwānīyah
KW	HA	Ḩawallī
KW	JA	Al Jahrah
KW	KU	Al Kuwayt
KZ	AKM	Aqmola oblysy
KZ	AKT	Aqtöbe oblysy
KZ	ALA	Almaty
KZ	ALM	Almaty oblysy
KZ	AST	Astana
KZ	ATY	Atyraū oblysy
KZ	KAR	Qaraghandy oblysy
KZ	KUS	Qostanay oblysy
KZ	KZY	Qyzylorda oblysy
KZ	MAN	Mangghystaū oblysy
KZ	PAV	Pavlodar oblysy
KZ	SEV	Soltüstik Qazaqstan oblysy
KZ	VOS	Shyghys Qazaqstan oblysy
KZ	YUZ	Ongtüstik Qazaqstan oblysy
KZ	ZAP	Batys Qazaqstan oblysy
KZ	ZHA	Zhambyl oblysy
LA	AT	Attapu [Attopeu]
LA	BK	Bokèo
LA	BL	Bolikhamxai [Borikhane]
LA	CH	Champasak [Champassak]
LA	HO	Houaphan
LA	KH	Khammouan
LA	LM	Louang Namtha
LA	LP	Louangphabang [Louang Prabang]
LA	OU	Oudômxai [Oudomsai]
LA	PH	Phôngsali [Phong Saly]
LA	SL	Salavan [Saravane]
LA	SV	Savannakhét
LA	VI	Vientiane
LA	VT	Vientiane
LA	XA	Xaignabouli [Sayaboury]
LA	XE	Xékong [Sékong]
LA	XI	Xiangkhoang [Xieng Khouang]
LA	XN	Xaisômboun
LB	AS	Loubnâne ech Chemâli
LB	BA	Beiroût
LB	BI	El Béqaa
LB	JA	Loubnâne ej Jnoûbi
LB	JL	Jabal Loubnâne
LB	NA	Nabatîyé
LK	11	Colombo
LK	12	Gampaha
LK	13	Kalutara
LK	21	Kandy
LK	22	Matale
LK	23	Nuwara Eliya
LK	31	Galle
LK	32	Matara
LK	33	Hambantota
LK	41	Jaffna
LK	42	Kilinochchi
LK	43	Mannar
LK	44	Vavuniya
LK	45	Mullaittivu
LK	51	Batticaloa
LK	52	Ampara
LK	53	Trincomalee
LK	61	Kurunegala
LK	62	Puttalam
LK	71	Anuradhapura
LK	72	Polonnaruwa
LK	81	Badulla
LK	82	Monaragala
LK	91	Ratnapura
LK	92	Kegalla
LR	BG	Bong
LR	BM	Bomi
LR	CM	Grand Cape Mount
LR	GB	Grand Bassa
LR	GG	Grand Gedeh
LR	GK	Grand Kru
LR	LO	Lofa
LR	MG	Margibi
LR	MO	Montserrado
LR	MY	Maryland
LR	NI	Nimba
LR	RI	Rivercess
LR	SI	Sinoe
LS	A	Maseru
LS	B	Butha-Buthe
LS	C	Leribe
LS	D	Berea
LS	E	Mafeteng
LS	F	Mohale's Hoek
LS	G	Quthing
LS	H	Qacha's Nek
LS	J	Mokhotlong
LS	K	Thaba-Tseka
LT	AL	Alytaus Apskritis
LT	KL	Klaipėdos Apskritis
LT	KU	Kauno Apskritis
LT	MR	Marijampolės Apskritis
LT	PN	Panevėžio Apskritis
LT	SA	Šiaulių Apskritis
LT	TA	Tauragės Apskritis
LT	TE	Telšių Apskritis
LT	UT	Utenos Apskritis
LT	VL	Vilniaus Apskritis
LU	D	Diekirch
LU	G	Grevenmacher
LU	L	Luxembourg (fr)
LV	AI	Aizkraukles Apriņķis
LV	AL	Alūksnes Apriņķis
LV	BL	Balvu Apriņķis
LV	BU	Bauskas Apriņķis
LV	CE	Cēsu Apriņķis
LV	DA	Daugavpils Apriņķis
LV	DGV	Daugavpils
LV	DO	Dobeles Apriņķis
LV	GU	Gulbenes Apriņķis
LV	JEL	Jelgava
LV	JK	Jēkabpils Apriņķis
LV	JL	Jelgavas Apriņķis
LV	JUR	Jūrmala
LV	KR	Krāslavas Apriņķis
LV	KU	Kuldīgas Apriņķis
LV	LE	Liepājas Apriņķis
LV	LM	Limbažu Apriņķis
LV	LPX	Liepāja
LV	LU	Ludzas Apriņķis
LV	MA	Madonas Apriņķis
LV	OG	Ogres Apriņķis
LV	PR	Preiļu Apriņķis
LV	RE	Rēzeknes Apriņķis
LV	REZ	Rēzekne
LV	RI	Rīgas Apriņķis
LV	RIX	Rīga
LV	SA	Saldus Apriņķis
LV	TA	Talsu Apriņķis
LV	TU	Tukuma Apriņķis
LV	VE	Ventspils Apriņķis
LV	VEN	Ventspils
LV	VK	Valkas Apriņķis
LV	VM	Valmieras Apriņķis
LY	AJ	Ajdābiyā
LY	BA	Banghāzī
LY	BU	Al Buţnān
LY	BW	Banī Walīd
LY	DR	Darnah
LY	GD	Ghadāmis
LY	GR	Gharyān
LY	GT	Ghāt
LY	HZ	Al Ḩizām al Akhḑar
LY	JA	Al Jabal al Akhḑar
LY	JB	Jaghbūb
LY	JI	Al Jifārah
LY	JU	Al Jufrah
LY	KF	Al Kufrah
LY	MB	Al Marqab
LY	MI	Mişrātah
LY	MJ	Al Marj
LY	MQ	Murzuq
LY	MZ	Mizdah
LY	NL	Nālūt
LY	NQ	An Nuqaţ al Khams
LY	QB	Al Qubbah
LY	QT	Al Qaţrūn
LY	SB	Sabhā
LY	SH	Ash Shāţi'
LY	SR	Surt
LY	SS	Şabrātah Şurmān
LY	TB	Ţarābulus
LY	TM	Tarhūnah-Masallātah
LY	TN	Tājūrā' wa an Nawāḩī Arbāʻ
LY	WA	Al Wāḩah
LY	WD	Wādī al Ḩayāt
LY	YJ	Yafran-Jādū
LY	ZA	Az Zāwiyah
MA	AGD	Agadir
MA	ASZ	Assa-Zag
MA	AZI	Azilal
MA	BAH	Aït Baha
MA	BEM	Beni Mellal
MA	BER	Berkane
MA	BES	Ben Slimane
MA	BOD	Boujdour (EH)
MA	BOM	Boulemane
MA	CAS	Casablanca [Dar el Beïda]
MA	CHE	Chefchaouene
MA	CHI	Chichaoua
MA	ERR	Errachidia
MA	ESI	Essaouira
MA	ESM	Es Smara (EH)
MA	FES	Fès
MA	FIG	Figuig
MA	GUE	Guelmim
MA	HAJ	El Hajeb
MA	HAO	Al Haouz
MA	HOC	Al Hoceïma
MA	IFR	Ifrane
MA	JDI	El Jadida
MA	JRA	Jerada
MA	KEN	Kénitra
MA	KES	Kelaat Sraghna
MA	KHE	Khemisset
MA	KHN	Khenifra
MA	KHO	Khouribga
MA	LAA	Laâyoune (EH)
MA	LAR	Larache
MA	MAR	Marrakech
MA	MEK	Meknès
MA	MEL	Aït Melloul
MA	NAD	Nador
MA	OUA	Ouarzazate
MA	OUD	Oued ed Dahab (EH)
MA	OUJ	Oujda
MA	RBA	Rabat-Salé
MA	SAF	Safi
MA	SEF	Sefrou
MA	SET	Settat
MA	SIK	Sidi Kacem
MA	TAO	Taounate
MA	TAR	Taroudannt
MA	TAT	Tata
MA	TAZ	Taza
MA	TET	Tétouan
MA	TIZ	Tiznit
MA	TNG	Tanger
MA	TNT	Tan-Tan
MD	BA	Bălţi
MD	CA	Cahul
MD	CH	Chişinău
MD	CU	Chişinău
MD	ED	Edineţ
MD	GA	Găgăuzia, Unitate Teritorială Autonomă (UTAG)
MD	LA	Lăpuşna
MD	OR	Orhei
MD	SN	Stînga Nistrului, unitatea teritorială din
MD	SO	Soroca
MD	TA	Taraclia
MD	TI	Tighina [Bender]
MD	UN	Ungheni
MG	A	Toamasina
MG	D	Antsiranana
MG	F	Fianarantsoa
MG	M	Mahajanga
MG	T	Antananarivo
MG	U	Toliara
MH	ALK	Ailuk
MH	ALL	Ailinglapalap
MH	ARN	Arno
MH	AUR	Aur
MH	EBO	Ebon
MH	ENI	Eniwetok
MH	JAL	Jaluit
MH	KIL	Kili
MH	KWA	Kwajalein
MH	LAE	Lae
MH	LIB	Lib
MH	LIK	Likiep
MH	MAJ	Majuro
MH	MAL	Maloelap
MH	MEJ	Mejit
MH	MIL	Mili
MH	NMK	Namorik
MH	NMU	Namu
MH	RON	Rongelap
MH	UJA	Ujae
MH	UJL	Ujelang
MH	UTI	Utirik
MH	WTH	Wotho
MH	WTJ	Wotje
ML	1	Kayes
ML	2	Koulikoro
ML	3	Sikasso
ML	4	Ségou
ML	5	Mopti
ML	6	Tombouctou
ML	7	Gao
ML	8	Kidal
ML	BKO	Bamako
MM	01	Sagaing
MM	02	Bago
MM	03	Magway
MM	04	Mandalay
MM	05	Tanintharyi
MM	06	Yangon
MM	07	Ayeyarwady
MM	11	Kachin
MM	12	Kayah
MM	13	Kayin
MM	14	Chin
MM	15	Mon
MM	16	Rakhine
MM	17	Shan
MN	035	Orhon
MN	037	Darhan uul
MN	039	Hentiy
MN	041	Hövsgöl
MN	043	Hovd
MN	046	Uvs
MN	047	Töv
MN	049	Selenge
MN	051	Sühbaatar
MN	053	Ömnögovĭ
MN	055	Övörhangay
MN	057	Dzavhan
MN	059	Dundgovĭ
MN	061	Dornod
MN	063	Dornogovĭ
MN	064	Govĭ-Sümber
MN	065	Govĭ-Altay
MN	067	Bulgan
MN	069	Bayanhongor
MN	071	Bayan-Ölgiy
MN	073	Arhangay
MN	1	Ulaanbaatar
MR	01	Hodh ech Chargui
MR	02	Hodh el Gharbi
MR	03	Assaba
MR	04	Gorgol
MR	05	Brakna
MR	06	Trarza
MR	07	Adrar
MR	08	Dakhlet Nouâdhibou
MR	09	Tagant
MR	10	Guidimaka
MR	11	Tiris Zemmour
MR	12	Inchiri
MR	NKC	Nouakchott
MU	AG	Agalega Islands
MU	BL	Black River
MU	BR	Beau Bassin-Rose Hill
MU	CC	Cargados Carajos Shoals [Saint Brandon Islands]
MU	CU	Curepipe
MU	FL	Flacq
MU	GP	Grand Port
MU	MO	Moka
MU	PA	Pamplemousses
MU	PL	Port Louis
MU	PU	Port Louis
MU	PW	Plaines Wilhems
MU	QB	Quatre Bornes
MU	RO	Rodrigues Island
MU	RR	Rivière du Rempart
MU	SA	Savanne
MU	VP	Vacoas-Phoenix
MV	01	Seenu
MV	02	Alif
MV	03	Lhaviyani
MV	04	Vaavu
MV	05	Laamu
MV	07	Haa Alif
MV	08	Thaa
MV	12	Meemu
MV	13	Raa
MV	14	Faafu
MV	17	Dhaalu
MV	20	Baa
MV	23	Haa Dhaalu
MV	24	Shaviyani
MV	25	Noonu
MV	26	Kaafu
MV	27	Gaaf Alif
MV	28	Gaafu Dhaalu
MV	29	Gnaviyani
MV	MLE	Male
MW	BA	Balaka
MW	BL	Blantyre
MW	CK	Chikwawa
MW	CR	Chiradzulu
MW	CT	Chitipa
MW	DE	Dedza
MW	DO	Dowa
MW	KR	Karonga
MW	KS	Kasungu
MW	LI	Lilongwe
MW	LK	Likoma Island
MW	MC	Mchinji
MW	MG	Mangochi
MW	MH	Machinga
MW	MU	Mulanje
MW	MW	Mwanza
MW	MZ	Mzimba
MW	NB	Nkhata Bay
MW	NI	Ntchisi
MW	NK	Nkhotakota
MW	NS	Nsanje
MW	NU	Ntcheu
MW	PH	Phalombe
MW	RU	Rumphi
MW	SA	Salima
MW	TH	Thyolo
MW	ZO	Zomba
MX	AGU	Aguascalientes
MX	BCN	Baja California
MX	BCS	Baja California Sur
MX	CAM	Campeche
MX	CHH	Chihuahua
MX	CHP	Chiapas
MX	COA	Coahuila
MX	COL	Colima
MX	DIF	Distrito Federal
MX	DUR	Durango
MX	GRO	Guerrero
MX	GUA	Guanajuato
MX	HID	Hidalgo
MX	JAL	Jalisco
MX	MEX	México
MX	MIC	Michoacán
MX	MOR	Morelos
MX	NAY	Nayarit
MX	NLE	Nuevo León
MX	OAX	Oaxaca
MX	PUE	Puebla
MX	QUE	Querétaro
MX	ROO	Quintana Roo
MX	SIN	Sinaloa
MX	SLP	San Luis Potosí
MX	SON	Sonora
MX	TAB	Tabasco
MX	TAM	Tamaulipas
MX	TLA	Tlaxcala
MX	VER	Veracruz
MX	YUC	Yucatán
MX	ZAC	Zacatecas
MY	01	Johor
MY	02	Kedah
MY	03	Kelantan
MY	04	Melaka
MY	05	Negeri Sembilan
MY	06	Pahang
MY	07	Pulau Pinang
MY	08	Perak
MY	09	Perlis
MY	10	Selangor
MY	11	Terengganu
MY	12	Sabah
MY	13	Sarawak
MY	14	Wilayah Persekutuan Kuala Lumpur
MY	15	Wilayah Persekutuan Labuan
MY	16	Wilayah Persekutuan Putrajaya
MZ	A	Niassa
MZ	B	Manica
MZ	G	Gaza
MZ	I	Inhambane
MZ	L	Maputo
MZ	MPM	Maputo
MZ	N	Nampula
MZ	P	Cabo Delgado
MZ	Q	Zambézia
MZ	S	Sofala
MZ	T	Tete
NA	CA	Caprivi
NA	ER	Erongo
NA	HA	Hardap
NA	KA	Karas
NA	KH	Khomas
NA	KU	Kunene
NA	OD	Otjozondjupa
NA	OH	Omaheke
NA	OK	Okavango
NA	ON	Oshana
NA	OS	Omusati
NA	OT	Oshikoto
NA	OW	Ohangwena
NE	1	Agadez
NE	2	Diffa
NE	3	Dosso
NE	4	Maradi
NE	5	Tahoua
NE	6	Tillabéri
NE	7	Zinder
NE	8	Niamey
NG	AB	Abia
NG	AD	Adamawa
NG	AK	Akwa Ibom
NG	AN	Anambra
NG	BA	Bauchi
NG	BE	Benue
NG	BO	Borno
NG	BY	Bayelsa
NG	CR	Cross River
NG	DE	Delta
NG	EB	Ebonyi
NG	ED	Edo
NG	EK	Ekiti
NG	EN	Enugu
NG	FC	Abuja Capital Territory
NG	GO	Gombe
NG	IM	Imo
NG	JI	Jigawa
NG	KD	Kaduna
NG	KE	Kebbi
NG	KN	Kano
NG	KO	Kogi
NG	KT	Katsina
NG	KW	Kwara
NG	LA	Lagos
NG	NA	Nassarawa
NG	NI	Niger
NG	OG	Ogun
NG	ON	Ondo
NG	OS	Osun
NG	OY	Oyo
NG	PL	Plateau
NG	RI	Rivers
NG	SO	Sokoto
NG	TA	Taraba
NG	YO	Yobe
NG	ZA	Zamfara
NI	AN	Atlántico Norte
NI	AS	Atlántico Sur
NI	BO	Boaco
NI	CA	Carazo
NI	CI	Chinandega
NI	CO	Chontales
NI	ES	Estelí
NI	GR	Granada
NI	JI	Jinotega
NI	LE	León
NI	MD	Madriz
NI	MN	Managua
NI	MS	Masaya
NI	MT	Matagalpa
NI	NS	Nueva Segovia
NI	RI	Rivas
NI	SJ	Río San Juan
NL	DR	Drenthe
NL	FL	Flevoland
NL	FR	Friesland
NL	GE	Gelderland
NL	GR	Groningen
NL	LI	Limburg
NL	NB	Noord-Brabant
NL	NH	Noord-Holland
NL	OV	Overijssel
NL	UT	Utrecht
NL	ZE	Zeeland
NL	ZH	Zuid-Holland
NO	01	Østfold
NO	02	Akershus
NO	03	Oslo
NO	04	Hedmark
NO	05	Oppland
NO	06	Buskerud
NO	07	Vestfold
NO	08	Telemark
NO	09	Aust-Agder
NO	10	Vest-Agder
NO	11	Rogaland
NO	12	Hordaland
NO	14	Sogn og Fjordane
NO	15	Møre og Romsdal
NO	16	Sør-Trøndelag
NO	17	Nord-Trøndelag
NO	18	Nordland
NO	19	Troms
NO	20	Finnmark
NO	21	Svalbard (Arctic Region) (See also country code SJ)
NO	22	Jan Mayen (Arctic Region) (See also country code SJ)
NP	BA	Bagmati
NP	BH	Bheri
NP	DH	Dhawalagiri
NP	GA	Gandaki
NP	JA	Janakpur
NP	KA	Karnali
NP	KO	Kosi [Koshi]
NP	LU	Lumbini
NP	MA	Mahakali
NP	ME	Mechi
NP	NA	Narayani
NP	RA	Rapti
NP	SA	Sagarmatha
NP	SE	Seti
NZ	AUK	Auckland
NZ	BOP	Bay of Plenty
NZ	CAN	Canterbury
NZ	GIS	Gisborne
NZ	HKB	Hawkes's Bay
NZ	MBH	Marlborough
NZ	MWT	Manawatu-Wanganui
NZ	NSN	Nelson
NZ	NTL	Northland
NZ	OTA	Otago
NZ	STL	Southland
NZ	TAS	Tasman
NZ	TKI	Taranaki
NZ	WGN	Wellington
NZ	WKO	Waikato
NZ	WTC	West Coast
OM	BA	Al Bāţinah
OM	DA	Ad Dākhilīyah
OM	JA	Al Janūbīyah [Z̧ufār]
OM	MA	Masqaţ
OM	MU	Musandam
OM	SH	Ash Sharqīyah
OM	WU	Al Wusţá
OM	ZA	Az̧ Z̧āhirah
PA	0	Comarca de San Blas
PA	1	Bocas del Toro
PA	2	Coclé
PA	3	Colón
PA	4	Chiriquí
PA	5	Darién
PA	6	Herrera
PA	7	Los Santos
PA	8	Panamá
PA	9	Veraguas
PE	AMA	Amazonas
PE	ANC	Ancash
PE	APU	Apurímac
PE	ARE	Arequipa
PE	AYA	Ayacucho
PE	CAJ	Cajamarca
PE	CAL	El Callao
PE	CUS	Cuzco [Cusco]
PE	HUC	Huánuco
PE	HUV	Huancavelica
PE	ICA	Ica
PE	JUN	Junín
PE	LAL	La Libertad
PE	LAM	Lambayeque
PE	LIM	Lima
PE	LOR	Loreto
PE	MDD	Madre de Dios
PE	MOQ	Moquegua
PE	PAS	Pasco
PE	PIU	Piura
PE	PUN	Puno
PE	SAM	San Martín
PE	TAC	Tacna
PE	TUM	Tumbes
PE	UCA	Ucayali
PG	CPK	Chimbu
PG	CPM	Central
PG	EBR	East New Britain
PG	EHG	Eastern Highlands
PG	EPW	Enga
PG	ESW	East Sepik
PG	GPK	Gulf
PG	MBA	Milne Bay
PG	MPL	Morobe
PG	MPM	Madang
PG	MRL	Manus
PG	NCD	National Capital District (Port Moresby)
PG	NIK	New Ireland
PG	NPP	Northern
PG	NSA	North Solomons
PG	SAN	Sandaun [West Sepik]
PG	SHM	Southern Highlands
PG	WBK	West New Britain
PG	WHM	Western Highlands
PG	WPD	Western
PH	ABR	Abra
PH	AGN	Agusan del Norte
PH	AGS	Agusan del Sur
PH	AKL	Aklan
PH	ALB	Albay
PH	ANT	Antique
PH	APA	Apayao
PH	AUR	Aurora
PH	BAN	Bataan
PH	BAS	Basilan
PH	BEN	Benguet
PH	BIL	Biliran
PH	BOH	Bohol
PH	BTG	Batangas
PH	BTN	Batanes
PH	BUK	Bukidnon
PH	BUL	Bulacan
PH	CAG	Cagayan
PH	CAM	Camiguin
PH	CAN	Camarines Norte
PH	CAP	Capiz
PH	CAS	Camarines Sur
PH	CAT	Catanduanes
PH	CAV	Cavite
PH	CEB	Cebu
PH	COM	Compostela Valley
PH	DAO	Davao Oriental
PH	DAS	Davao del Sur
PH	DAV	Davao del Norte
PH	EAS	Eastern Samar
PH	GUI	Guimaras
PH	IFU	Ifugao
PH	ILI	Iloilo
PH	ILN	Ilocos Norte
PH	ILS	Ilocos Sur
PH	ISA	Isabela
PH	KAL	Kalinga
PH	LAG	Laguna
PH	LAN	Lanao del Norte
PH	LAS	Lanao del Sur
PH	LEY	Leyte
PH	LUN	La Union
PH	MAD	Marinduque
PH	MAG	Maguindanao
PH	MAS	Masbate
PH	MDC	Mindoro Occidental
PH	MDR	Mindoro Oriental
PH	MOU	Mountain Province
PH	MSC	Misamis Occidental
PH	MSR	Misamis Oriental
PH	NCO	North Cotabato
PH	NEC	Negros Occidental
PH	NER	Negros Oriental
PH	NSA	Northern Samar
PH	NUE	Nueva Ecija
PH	NUV	Nueva Vizcaya
PH	PAM	Pampanga
PH	PAN	Pangasinan
PH	PLW	Palawan
PH	QUE	Quezon
PH	QUI	Quirino
PH	RIZ	Rizal
PH	ROM	Romblon
PH	SAR	Sarangani
PH	SCO	South Cotabato
PH	SIG	Siquijor
PH	SLE	Southern Leyte
PH	SLU	Sulu
PH	SOR	Sorsogon
PH	SUK	Sultan Kudarat
PH	SUN	Surigao del Norte
PH	SUR	Surigao del Sur
PH	TAR	Tarlac
PH	TAW	Tawi-Tawi
PH	WSA	Western Samar
PH	ZAN	Zamboanga del Norte
PH	ZAS	Zamboanga del Sur
PH	ZMB	Zambales
PH	ZSI	Zamboanga Sibuguey [Zamboanga Sibugay]
PK	BA	Baluchistan (en)
PK	IS	Islamabad
PK	JK	Azad Kashmir
PK	NA	Northern Areas
PK	NW	North-West Frontier
PK	PB	Punjab
PK	SD	Sind (en)
PK	TA	Federally Administered Tribal Areas
PL	DS	Dolnośląskie
PL	KP	Kujawsko-pomorskie
PL	LB	Lubuskie
PL	LD	Łódzkie
PL	LU	Lubelskie
PL	MA	Małopolskie
PL	MZ	Mazowieckie
PL	OP	Opolskie
PL	PD	Podlaskie
PL	PK	Podkarpackie
PL	PM	Pomorskie
PL	SK	Świętokrzyskie
PL	SL	Śląskie
PL	WN	Warmińsko-mazurskie
PL	WP	Wielkopolskie
PL	ZP	Zachodniopomorskie
PT	01	Aveiro
PT	02	Beja
PT	03	Braga
PT	04	Bragança
PT	05	Castelo Branco
PT	06	Coimbra
PT	07	Évora
PT	08	Faro
PT	09	Guarda
PT	10	Leiria
PT	11	Lisboa
PT	12	Portalegre
PT	13	Porto
PT	14	Santarém
PT	15	Setúbal
PT	16	Viana do Castelo
PT	17	Vila Real
PT	18	Viseu
PT	20	Região Autónoma dos Açores
PT	30	Região Autónoma da Madeira
PY	1	Concepción
PY	10	Alto Paraná
PY	11	Central
PY	12	Ñeembucú
PY	13	Amambay
PY	14	Canindeyú
PY	15	Presidente Hayes
PY	16	Alto Paraguay
PY	19	Boquerón
PY	2	San Pedro
PY	3	Cordillera
PY	4	Guairá
PY	5	Caaguazú
PY	6	Caazapá
PY	7	Itapúa
PY	8	Misiones
PY	9	Paraguarí
PY	ASU	Asunción
QA	DA	Ad Dawḩah
QA	GH	Al Ghuwayrīyah
QA	JB	Jarīyān al Bāţnah
QA	JU	Al Jumaylīyah
QA	KH	Al Khawr
QA	MS	Madīnat ash Shamāl
QA	RA	Ar Rayyān
QA	US	Umm Şalāl
QA	WA	Al Wakrah
RO	AB	Alba
RO	AG	Argeş
RO	AR	Arad
RO	B	Bucureşti
RO	BC	Bacău
RO	BH	Bihor
RO	BN	Bistriţa-Năsăud
RO	BR	Brăila
RO	BT	Botoşani
RO	BV	Braşov
RO	BZ	Buzău
RO	CJ	Cluj
RO	CL	Călăraşi
RO	CS	Caraş-Severin
RO	CT	Constanţa
RO	CV	Covasna
RO	DB	Dâmboviţa
RO	DJ	Dolj
RO	GJ	Gorj
RO	GL	Galaţi
RO	GR	Giurgiu
RO	HD	Hunedoara
RO	HR	Harghita
RO	IF	Ilfov
RO	IL	Ialomiţa
RO	IS	Iaşi
RO	MH	Mehedinţi
RO	MM	Maramureş
RO	MS	Mureş
RO	NT	Neamţ
RO	OT	Olt
RO	PH	Prahova
RO	SB	Sibiu
RO	SJ	Sălaj
RO	SM	Satu Mare
RO	SV	Suceava
RO	TL	Tulcea
RO	TM	Timiş
RO	TR	Teleorman
RO	VL	Vâlcea
RO	VN	Vrancea
RO	VS	Vaslui
RS	CG	Crna Gora
RS	KM	Kosovo-Metohija
RS	SR	Srbija
RS	VO	Vojvodina
RU	AD	Adygeya, Respublika
RU	AGB	Aginskiy Buryatskiy avtonomnyy okrug
RU	AL	Altay, Respublika
RU	ALT	Altayskiy kray
RU	AMU	Amurskaya oblast'
RU	ARK	Arkhangel'skaya oblast'
RU	AST	Astrakhanskaya oblast'
RU	BA	Bashkortostan, Respublika
RU	BEL	Belgorodskaya oblast'
RU	BRY	Bryanskaya oblast'
RU	BU	Buryatiya, Respublika
RU	CE	Chechenskaya Respublika
RU	CHE	Chelyabinskaya oblast'
RU	CHI	Chitinskaya oblast'
RU	CHU	Chukotskiy avtonomnyy okrug
RU	CU	Chuvashskaya Respublika
RU	DA	Dagestan, Respublika
RU	EVE	Evenkiyskiy avtonomnyy okrug
RU	IN	Ingushskaya Respublika [Respublika Ingushetiya]
RU	IRK	Irkutskaya oblast'
RU	IVA	Ivanovskaya oblast'
RU	KAM	Kamchatskaya oblast'
RU	KB	Kabardino-Balkarskaya Respublika
RU	KC	Karachayevo-Cherkesskaya Respublika
RU	KDA	Krasnodarskiy kray
RU	KEM	Kemerovskaya oblast'
RU	KGD	Kaliningradskaya oblast'
RU	KGN	Kurganskaya oblast'
RU	KHA	Khabarovskiy kray
RU	KHM	Khanty-Mansiyskiy avtonomnyy okrug
RU	KIR	Kirovskaya oblast'
RU	KK	Khakasiya, Respublika
RU	KL	Kalmykiya, Respublika
RU	KLU	Kaluzhskaya oblast'
RU	KO	Komi, Respublika
RU	KOP	Komi-Permyatskiy avtonomnyy okrug
RU	KOR	Koryakskiy avtonomnyy okrug
RU	KOS	Kostromskaya oblast'
RU	KR	Kareliya, Respublika
RU	KRS	Kurskaya oblast'
RU	KYA	Krasnoyarskiy kray
RU	LEN	Leningradskaya oblast'
RU	LIP	Lipetskaya oblast'
RU	MAG	Magadanskaya oblast'
RU	ME	Mariy El, Respublika
RU	MO	Mordoviya, Respublika
RU	MOS	Moskovskaya oblast'
RU	MOW	Moskva
RU	MUR	Murmanskaya oblast'
RU	NEN	Nenetskiy avtonomnyy okrug
RU	NGR	Novgorodskaya oblast'
RU	NIZ	Nizhegorodskaya oblast'
RU	NVS	Novosibirskaya oblast'
RU	OMS	Omskaya oblast'
RU	ORE	Orenburgskaya oblast'
RU	ORL	Orlovskaya oblast'
RU	PER	Permskaya oblast'
RU	PNZ	Penzenskaya oblast'
RU	PRI	Primorskiy kray
RU	PSK	Pskovskaya oblast'
RU	ROS	Rostovskaya oblast'
RU	RYA	Ryazanskaya oblast'
RU	SA	Sakha, Respublika [Yakutiya]
RU	SAK	Sakhalinskaya oblast'
RU	SAM	Samarskaya oblast'
RU	SAR	Saratovskaya oblast'
RU	SE	Severnaya Osetiya, Respublika [Alaniya] [Respublika Severnaya Osetiya-Alaniya]
RU	SMO	Smolenskaya oblast'
RU	SPE	Sankt-Peterburg
RU	STA	Stavropol'skiy kray
RU	SVE	Sverdlovskaya oblast'
RU	TA	Tatarstan, Respublika
RU	TAM	Tambovskaya oblast'
RU	TAY	Taymyrskiy (Dolgano-Nenetskiy) avtonomnyy okrug
RU	TOM	Tomskaya oblast'
RU	TUL	Tul'skaya oblast'
RU	TVE	Tverskaya oblast'
RU	TY	Tyva, Respublika [Tuva]
RU	TYU	Tyumenskaya oblast'
RU	UD	Udmurtskaya Respublika
RU	ULY	Ul'yanovskaya oblast'
RU	UOB	Ust'-Ordynskiy Buryatskiy avtonomnyy okrug
RU	VGG	Volgogradskaya oblast'
RU	VLA	Vladimirskaya oblast'
RU	VLG	Vologodskaya oblast'
RU	VOR	Voronezhskaya oblast'
RU	YAN	Yamalo-Nenetskiy avtonomnyy okrug
RU	YAR	Yaroslavskaya oblast'
RU	YEV	Yevreyskaya avtonomnaya oblast'
RW	B	Gitarama
RW	C	Butare
RW	D	Gikongoro
RW	E	Cyangugu
RW	F	Kibuye
RW	G	Gisenyi
RW	H	Ruhengeri
RW	I	Byumba
RW	J	Kibungo
RW	K	Kigali-Rural
RW	L	Kigali-Ville
RW	M	Mutara
SA	01	Ar Riyāḑ
SA	02	Makkah
SA	03	Al Madīnah
SA	04	Ash Sharqīyah
SA	05	Al Qaşīm
SA	06	Ḩā'il
SA	07	Tabūk
SA	08	Al Ḩudūd ash Shamālīyah
SA	09	Jīzān
SA	10	Najrān
SA	11	Al Bāḩah
SA	12	Al Jawf
SA	14	Āsīr
SB	CE	Central
SB	CT	Capital Territory (Honiara)
SB	GU	Guadalcanal
SB	IS	Isabel
SB	MK	Makira
SB	ML	Malaita
SB	TE	Temotu
SB	WE	Western
SD	01	Ash Shamālīyah
SD	02	Shamāl Dārfūr
SD	03	Al Kharţūm
SD	04	An Nīl
SD	05	Kassalā
SD	06	Al Qaḑārif
SD	07	Al Jazīrah
SD	08	An Nīl al Abyaḑ
SD	09	Shamāl Kurdufān
SD	10	Gharb Kurdufān
SD	11	Janūb Dārfūr
SD	12	Gharb Dārfūr
SD	13	Janūb Kurdufān
SD	14	Gharb Baḩr al Ghazāl
SD	15	Shamāl Baḩr al Ghazāl
SD	16	Gharb al Istiwā'īyah
SD	17	Baḩr al Jabal
SD	18	Al Buḩayrāt
SD	19	Sharq al Istiwā'īyah
SD	20	Jūnqalī
SD	21	Wārāb
SD	22	Al Waḩdah
SD	23	Āٰālī an Nīl
SD	24	An Nīl al Azraq
SD	25	Sinnār
SD	26	Al Baḩr al Aḩmar
SE	AB	Stockholms län [SE-01]
SE	AC	Västerbottens län [SE-24]
SE	BD	Norrbottens län [SE-25]
SE	C	Uppsala län [SE-03]
SE	D	Södermanlands län [SE-04]
SE	E	Östergötlands län [SE-05]
SE	F	Jönköpings län [SE-06]
SE	G	Kronobergs län [SE-07]
SE	H	Kalmar län [SE-08]
SE	I	Gotlands län [SE-09]
SE	K	Blekinge län [SE-10]
SE	M	Skåne län [SE-12]
SE	N	Hallands län [SE-13]
SE	O	Västra Götalands län [SE-14]
SE	S	Värmlands län [SE-17]
SE	T	Örebro län [SE-18]
SE	U	Västmanlands län [SE-19]
SE	W	Dalarnas län [SE-20]
SE	X	Gävleborgs län [SE-21]
SE	Y	Västernorrlands län [SE-22]
SE	Z	Jämtlands län [SE-23]
SH	AC	Ascension
SH	SH	Saint Helena
SH	TA	Tristan da Cunha
SI	001	Ajdovščina
SI	002	Beltinci
SI	003	Bled
SI	004	Bohinj
SI	005	Borovnica
SI	006	Bovec
SI	007	Brda
SI	008	Brezovica
SI	009	Brežice
SI	010	Tišina
SI	011	Celje
SI	012	Cerklje na Gorenjskem
SI	013	Cerknica
SI	014	Cerkno
SI	015	Črenšovci
SI	016	Črna na Koroškem
SI	017	Črnomelj
SI	018	Destrnik
SI	019	Divača
SI	020	Dobrepolje
SI	021	Dobrova-Polhov Gradec
SI	022	Dol pri Ljubljani
SI	023	Domžale
SI	024	Dornava
SI	025	Dravograd
SI	026	Duplek
SI	027	Gorenja vas-Poljane
SI	028	Gorišnica
SI	029	Gornja Radgona
SI	030	Gornji Grad
SI	031	Gornji Petrovci
SI	032	Grosuplje
SI	033	Šalovci
SI	034	Hrastnik
SI	035	Hrpelje-Kozina
SI	036	Idrija
SI	037	Ig
SI	038	Ilirska Bistrica
SI	039	Ivančna Gorica
SI	040	Izola
SI	041	Jesenice
SI	042	Juršinci
SI	043	Kamnik
SI	044	Kanal
SI	045	Kidričevo
SI	046	Kobarid
SI	047	Kobilje
SI	048	Kočevje
SI	049	Komen
SI	050	Koper
SI	051	Kozje
SI	052	Kranj
SI	053	Kranjska Gora
SI	054	Krško
SI	055	Kungota
SI	056	Kuzma
SI	057	Laško
SI	058	Lenart
SI	059	Lendava
SI	060	Litija
SI	061	Ljubljana
SI	062	Ljubno
SI	063	Ljutomer
SI	064	Logatec
SI	065	Loška dolina
SI	066	Loški Potok
SI	067	Luče
SI	068	Lukovica
SI	069	Majšperk
SI	070	Maribor
SI	071	Medvode
SI	072	Mengeš
SI	073	Metlika
SI	074	Mežica
SI	075	Miren-Kostanjevica
SI	076	Mislinja
SI	077	Moravče
SI	078	Moravske Toplice
SI	079	Mozirje
SI	080	Murska Sobota
SI	081	Muta
SI	082	Naklo
SI	083	Nazarje
SI	084	Nova Gorica
SI	085	Novo mesto
SI	086	Odranci
SI	087	Ormož
SI	088	Osilnica
SI	089	Pesnica
SI	090	Piran
SI	091	Pivka
SI	092	Podčetrtek
SI	093	Podvelka
SI	094	Postojna
SI	095	Preddvor
SI	096	Ptuj
SI	097	Puconci
SI	098	Rače-Fram
SI	099	Radeče
SI	100	Radenci
SI	101	Radlje ob Dravi
SI	102	Radovljica
SI	103	Ravne na Koroškem
SI	104	Ribnica
SI	105	Rogašovci
SI	106	Rogaška Slatina
SI	107	Rogatec
SI	108	Ruše
SI	109	Semič
SI	110	Sevnica
SI	111	Sežana
SI	112	Slovenj Gradec
SI	113	Slovenska Bistrica
SI	114	Slovenske Konjice
SI	115	Starše
SI	116	Sveti Jurij
SI	117	Šenčur
SI	118	Šentilj
SI	119	Šentjernej
SI	120	Šentjur pri Celju
SI	121	Škocjan
SI	122	Škofja Loka
SI	123	Škofljica
SI	124	Šmarje pri Jelšah
SI	125	Šmartno ob Paki
SI	126	Šoštanj
SI	127	Štore
SI	128	Tolmin
SI	129	Trbovlje
SI	130	Trebnje
SI	131	Tržič
SI	132	Turnišče
SI	133	Velenje
SI	134	Velike Lašče
SI	135	Videm
SI	136	Vipava
SI	137	Vitanje
SI	138	Vodice
SI	139	Vojnik
SI	140	Vrhnika
SI	141	Vuzenica
SI	142	Zagorje ob Savi
SI	143	Zavrč
SI	144	Zreče
SI	146	Železniki
SI	147	Žiri
SI	148	Benedikt
SI	149	Bistrica ob Sotli
SI	150	Bloke
SI	151	Braslovče
SI	152	Cankova
SI	153	Cerkvenjak
SI	154	Dobje
SI	155	Dobrna
SI	156	Dobrovnik
SI	157	Dolenjske Toplice
SI	158	Grad
SI	159	Hajdina
SI	160	Hoče-Slivnica
SI	161	Hodoš
SI	162	Horjul
SI	163	Jezersko
SI	164	Komenda
SI	165	Kostel
SI	166	Križevci
SI	167	Lovrenc na Pohorju
SI	168	Markovci
SI	169	Miklavž na Dravskem polju
SI	170	Mirna Peč
SI	171	Oplotnica
SI	172	Podlehnik
SI	173	Polzela
SI	174	Prebold
SI	175	Prevalje
SI	176	Razkrižje
SI	177	Ribnica na Pohorju
SI	178	Selnica ob Dravi
SI	179	Sodražica
SI	180	Solčava
SI	181	Sveta Ana
SI	182	Sveti Andraž v Slovenskih goricah
SI	183	Šempeter-Vrtojba
SI	184	Tabor
SI	185	Trnovska vas
SI	186	Trzin
SI	187	Velika Polana
SI	188	Veržej
SI	189	Vransko
SI	190	Žalec
SI	191	Žetale
SI	192	Žirovnica
SI	193	Žužemberk
SI	194	Šmartno pri Litiji
SK	BC	Banskobystrický kraj
SK	BL	Bratislavský kraj
SK	KI	Košický kraj
SK	NI	Nitriansky kraj
SK	PV	Prešovský kraj
SK	TA	Trnavský kraj
SK	TC	Trenčiansky kraj
SK	ZI	Žilinský kraj
SL	E	Eastern
SL	N	Northern
SL	S	Southern
SL	W	Western Area (Freetown)
SN	DB	Diourbel
SN	DK	Dakar
SN	FK	Fatick
SN	KD	Kolda
SN	KL	Kaolack
SN	LG	Louga
SN	MT	Matam
SN	SL	Saint-Louis
SN	TC	Tambacounda
SN	TH	Thiès
SN	ZG	Ziguinchor
SO	AW	Awdal
SO	BK	Bakool
SO	BN	Banaadir
SO	BR	Bari
SO	BY	Bay
SO	GA	Galguduud
SO	GE	Gedo
SO	HI	Hiiraan
SO	JD	Jubbada Dhexe
SO	JH	Jubbada Hoose
SO	MU	Mudug
SO	NU	Nugaal
SO	SA	Sanaag
SO	SD	Shabeellaha Dhexe
SO	SH	Shabeellaha Hoose
SO	SO	Sool
SO	TO	Togdheer
SO	WO	Woqooyi Galbeed
SR	BR	Brokopondo
SR	CM	Commewijne
SR	CR	Coronie
SR	MA	Marowijne
SR	NI	Nickerie
SR	PM	Paramaribo
SR	PR	Para
SR	SA	Saramacca
SR	SI	Sipaliwini
SR	WA	Wanica
ST	P	Príncipe
ST	S	São Tomé
SV	AH	Ahuachapán
SV	CA	Cabañas
SV	CH	Chalatenango
SV	CU	Cuscatlán
SV	LI	La Libertad
SV	MO	Morazán
SV	PA	La Paz
SV	SA	Santa Ana
SV	SM	San Miguel
SV	SO	Sonsonate
SV	SS	San Salvador
SV	SV	San Vicente
SV	UN	La Unión
SV	US	Usulután
SY	DI	Dimashq
SY	DR	Darٰā
SY	DY	Dayr az Zawr
SY	HA	Al Ḩasakah
SY	HI	Ḩimş
SY	HL	Ḩalab
SY	HM	Ḩamāh
SY	ID	Idlib
SY	LA	Al Lādhiqīyah
SY	QU	Al Qunayţirah
SY	RA	Ar Raqqah
SY	RD	Rīf Dimashq
SY	SU	As Suwaydā'
SY	TA	Ţarţūs
SZ	HH	Hhohho
SZ	LU	Lubombo
SZ	MA	Manzini
SZ	SH	Shiselweni
TD	BA	Batha
TD	BET	Borkou-Ennedi-Tibesti
TD	BI	Biltine
TD	CB	Chari-Baguirmi
TD	GR	Guéra
TD	KA	Kanem
TD	LC	Lac
TD	LO	Logone-Occidental
TD	LR	Logone-Oriental
TD	MC	Moyen-Chari
TD	MK	Mayo-Kébbi
TD	OD	Ouaddaï
TD	SA	Salamat
TD	TA	Tandjilé
TG	C	Centre
TG	K	Kara
TG	M	Maritime (Région)
TG	P	Plateaux
TG	S	Savannes
TH	10	Krung Thep Maha Nakhon [Bangkok]
TH	11	Samut Prakan
TH	12	Nonthaburi
TH	13	Pathum Thani
TH	14	Phra Nakhon Si Ayutthaya
TH	15	Ang Thong
TH	16	Lop Buri
TH	17	Sing Buri
TH	18	Chai Nat
TH	19	Saraburi
TH	20	Chon Buri
TH	21	Rayong
TH	22	Chanthaburi
TH	23	Trat
TH	24	Chachoengsao
TH	25	Prachin Buri
TH	26	Nakhon Nayok
TH	27	Sa Kaeo
TH	30	Nakhon Ratchasima
TH	31	Buri Ram
TH	32	Surin
TH	33	Si Sa Ket
TH	34	Ubon Ratchathani
TH	35	Yasothon
TH	36	Chaiyaphum
TH	37	Amnat Charoen
TH	39	Nong Bua Lam Phu
TH	40	Khon Kaen
TH	41	Udon Thani
TH	42	Loei
TH	43	Nong Khai
TH	44	Maha Sarakham
TH	45	Roi Et
TH	46	Kalasin
TH	47	Sakon Nakhon
TH	48	Nakhon Phanom
TH	49	Mukdahan
TH	50	Chiang Mai
TH	51	Lamphun
TH	52	Lampang
TH	53	Uttaradit
TH	54	Phrae
TH	55	Nan
TH	56	Phayao
TH	57	Chiang Rai
TH	58	Mae Hong Son
TH	60	Nakhon Sawan
TH	61	Uthai Thani
TH	62	Kamphaeng Phet
TH	63	Tak
TH	64	Sukhothai
TH	65	Phitsanulok
TH	66	Phichit
TH	67	Phetchabun
TH	70	Ratchaburi
TH	71	Kanchanaburi
TH	72	Suphan Buri
TH	73	Nakhon Pathom
TH	74	Samut Sakhon
TH	75	Samut Songkhram
TH	76	Phetchaburi
TH	77	Prachuap Khiri Khan
TH	80	Nakhon Si Thammarat
TH	81	Krabi
TH	82	Phangnga
TH	83	Phuket
TH	84	Surat Thani
TH	85	Ranong
TH	86	Chumphon
TH	90	Songkhla
TH	91	Satun
TH	92	Trang
TH	93	Phatthalung
TH	94	Pattani
TH	95	Yala
TH	96	Narathiwat
TH	S	Phatthaya
TJ	GB	Gorno-Badakhshan
TJ	KT	Khatlon
TJ	SU	Sughd
TL	AL	Aileu
TL	AN	Ainaro
TL	BA	Baucau
TL	BO	Bobonaro
TL	CO	Cova Lima
TL	DI	Dili
TL	ER	Ermera
TL	LA	Lautem
TL	LI	Liquiça
TL	MF	Manufahi
TL	MT	Manatuto
TL	OE	Oecussi
TL	VI	Viqueque
TM	A	Ahal
TM	B	Balkan
TM	D	Daşoguz
TM	L	Lebap
TM	M	Mary
TN	11	Tunis
TN	12	L'Ariana
TN	13	Ben Arous
TN	14	La Manouba
TN	21	Nabeul
TN	22	Zaghouan
TN	23	Bizerte
TN	31	Béja
TN	32	Jendouba
TN	33	Le Kef
TN	34	Siliana
TN	41	Kairouan
TN	42	Kasserine
TN	43	Sidi Bouzid
TN	51	Sousse
TN	52	Monastir
TN	53	Mahdia
TN	61	Sfax
TN	71	Gafsa
TN	72	Tozeur
TN	73	Kebili
TN	81	Gabès
TN	82	Medenine
TN	83	Tataouine
TR	01	Adana
TR	02	Adıyaman
TR	03	Afyon
TR	04	Ağrı
TR	05	Amasya
TR	06	Ankara
TR	07	Antalya
TR	08	Artvin
TR	09	Aydın
TR	10	Balıkesir
TR	11	Bilecik
TR	12	Bingöl
TR	13	Bitlis
TR	14	Bolu
TR	15	Burdur
TR	16	Bursa
TR	17	Çanakkale
TR	18	Çankırı
TR	19	Çorum
TR	20	Denizli
TR	21	Diyarbakır
TR	22	Edirne
TR	23	Elazığ
TR	24	Erzincan
TR	25	Erzurum
TR	26	Eskişehir
TR	27	Gaziantep
TR	28	Giresun
TR	29	Gümüşhane
TR	30	Hakkâri
TR	31	Hatay
TR	32	Isparta
TR	33	İçel
TR	34	İstanbul
TR	35	İzmir
TR	36	Kars
TR	37	Kastamonu
TR	38	Kayseri
TR	39	Kırklareli
TR	40	Kırşehir
TR	41	Kocaeli
TR	42	Konya
TR	43	Kütahya
TR	44	Malatya
TR	45	Manisa
TR	46	Kahramanmaraş
TR	47	Mardin
TR	48	Muğla
TR	49	Muş
TR	50	Nevşehir
TR	51	Niğde
TR	52	Ordu
TR	53	Rize
TR	54	Sakarya
TR	55	Samsun
TR	56	Siirt
TR	57	Sinop
TR	58	Sivas
TR	59	Tekirdağ
TR	60	Tokat
TR	61	Trabzon
TR	62	Tunceli
TR	63	Şanlıurfa
TR	64	Uşak
TR	65	Van
TR	66	Yozgat
TR	67	Zonguldak
TR	68	Aksaray
TR	69	Bayburt
TR	70	Karaman
TR	71	Kırıkkale
TR	72	Batman
TR	73	Şırnak
TR	74	Bartın
TR	75	Ardahan
TR	76	Iğdır
TR	77	Yalova
TR	78	Karabük
TR	79	Kilis
TR	80	Osmaniye
TR	81	Düzce
TT	ARI	Arima
TT	CHA	Chaguanas
TT	CTT	Couva-Tabaquite-Talparo
TT	DMN	Diego Martin
TT	ETO	Eastern Tobago
TT	PED	Penal-Debe
TT	POS	Port of Spain
TT	PRT	Princes Town
TT	PTF	Point Fortin
TT	RCM	Rio Claro-Mayaro
TT	SFO	San Fernando
TT	SGE	Sangre Grande
TT	SIP	Siparia
TT	SJL	San Juan-Laventille
TT	TUP	Tunapuna-Piarco
TT	WTO	Western Tobago
TW	CHA	Changhua
TW	CYI	Chiayi
TW	CYQ	Chiayi
TW	HSQ	Hsinchu
TW	HSZ	Hsinchu
TW	HUA	Hualien
TW	ILA	Ilan
TW	KEE	Keelung
TW	KHH	Kaohsiung
TW	KHQ	Kaohsiung
TW	MIA	Miaoli
TW	NAN	Nantou
TW	PEN	Penghu
TW	PIF	Pingtung
TW	TAO	Taoyuan
TW	TNN	Tainan
TW	TNQ	Tainan
TW	TPE	Taipei
TW	TPQ	Taipei
TW	TTT	Taitung
TW	TXG	Taichung
TW	TXQ	Taichung
TW	YUN	Yunlin
TZ	01	Arusha
TZ	02	Dar es Salaam
TZ	03	Dodoma
TZ	04	Iringa
TZ	05	Kagera
TZ	06	Kaskazini Pemba
TZ	07	Kaskazini Unguja
TZ	08	Kigoma
TZ	09	Kilimanjaro
TZ	10	Kusini Pemba
TZ	11	Kusini Unguja
TZ	12	Lindi
TZ	13	Mara
TZ	14	Mbeya
TZ	15	Mjini Magharibi
TZ	16	Morogoro
TZ	17	Mtwara
TZ	18	Mwanza
TZ	19	Pwani
TZ	20	Rukwa
TZ	21	Ruvuma
TZ	22	Shinyanga
TZ	23	Singida
TZ	24	Tabora
TZ	25	Tanga
TZ	26	Manyara
UA	05	Vinnyts'ka Oblast'
UA	07	Volyns'ka Oblast'
UA	09	Luhans'ka Oblast'
UA	12	Dnipropetrovs'ka Oblast'
UA	14	Donets'ka Oblast'
UA	18	Zhytomyrs'ka Oblast'
UA	21	Zakarpats'ka Oblast'
UA	23	Zaporiz'ka Oblast'
UA	26	Ivano-Frankivs'ka Oblast'
UA	30	Kyïv
UA	32	Kyïvs'ka Oblast'
UA	35	Kirovohrads'ka Oblast'
UA	40	Sevastopol'
UA	43	Respublika Krym
UA	46	L'vivs'ka Oblast'
UA	48	Mykolaïvs'ka Oblast'
UA	51	Odes'ka Oblast'
UA	53	Poltavs'ka Oblast'
UA	56	Rivnens'ka Oblast'
UA	59	Sums'ka Oblast'
UA	61	Ternopil's'ka Oblast'
UA	63	Kharkivs'ka Oblast'
UA	65	Khersons'ka Oblast'
UA	68	Khmel'nyts'ka Oblast'
UA	71	Cherkas'ka Oblast'
UA	74	Chernihivs'ka Oblast'
UA	77	Chernivets'ka Oblast'
UG	101	Kalangala
UG	102	Kampala
UG	103	Kiboga
UG	104	Luwero
UG	105	Masaka
UG	106	Mpigi
UG	107	Mubende
UG	108	Mukono
UG	109	Nakasongola
UG	110	Rakai
UG	111	Sembabule
UG	112	Kayunga
UG	113	Wakiso
UG	201	Bugiri
UG	202	Busia
UG	203	Iganga
UG	204	Jinja
UG	205	Kamuli
UG	206	Kapchorwa
UG	207	Katakwi
UG	208	Kumi
UG	209	Mbale
UG	210	Pallisa
UG	211	Soroti
UG	212	Tororo
UG	213	Kaberamaido
UG	214	Mayuge
UG	215	Sironko
UG	301	Adjumani
UG	302	Apac
UG	303	Arua
UG	304	Gulu
UG	305	Kitgum
UG	306	Kotido
UG	307	Lira
UG	308	Moroto
UG	309	Moyo
UG	310	Nebbi
UG	311	Nakapiripirit
UG	312	Pader
UG	313	Yumbe
UG	401	Bundibugyo
UG	402	Bushenyi
UG	403	Hoima
UG	404	Kabale
UG	405	Kabarole
UG	406	Kasese
UG	407	Kibaale
UG	408	Kisoro
UG	409	Masindi
UG	410	Mbarara
UG	411	Ntungamo
UG	412	Rukungiri
UG	413	Kamwenge
UG	414	Kanungu
UG	415	Kyenjojo
UM	67	Johnston Atoll
UM	71	Midway Islands
UM	76	Navassa Island
UM	79	Wake Island
UM	81	Baker Island
UM	84	Howland Island
UM	86	Jarvis Island
UM	89	Kingman Reef
UM	95	Palmyra Atoll
US	AK	Alaska
US	AL	Alabama
US	AR	Arkansas
US	AS	American Samoa (see also separate entry under AS)
US	AZ	Arizona
US	CA	California
US	CO	Colorado
US	CT	Connecticut
US	DC	District of Columbia
US	DE	Delaware
US	FL	Florida
US	GA	Georgia
US	GU	Guam (see also separate entry under GU)
US	HI	Hawaii
US	IA	Iowa
US	ID	Idaho
US	IL	Illinois
US	IN	Indiana
US	KS	Kansas
US	KY	Kentucky
US	LA	Louisiana
US	MA	Massachusetts
US	MD	Maryland
US	ME	Maine
US	MI	Michigan
US	MN	Minnesota
US	MO	Missouri
US	MP	Northern Mariana Islands (see also separate entry under MP)
US	MS	Mississippi
US	MT	Montana
US	NC	North Carolina
US	ND	North Dakota
US	NE	Nebraska
US	NH	New Hampshire
US	NJ	New Jersey
US	NM	New Mexico
US	NV	Nevada
US	NY	New York
US	OH	Ohio
US	OK	Oklahoma
US	OR	Oregon
US	PA	Pennsylvania
US	PR	Puerto Rico (see also separate entry under PR)
US	RI	Rhode Island
US	SC	South Carolina
US	SD	South Dakota
US	TN	Tennessee
US	TX	Texas
US	UM	United States Minor Outlying Islands (see also separate entry under UM)
US	UT	Utah
US	VA	Virginia
US	VI	Virgin Islands, U.S. (see also separate entry under VI)
US	VT	Vermont
US	WA	Washington
US	WI	Wisconsin
US	WV	West Virginia
US	WY	Wyoming
UY	AR	Artigas
UY	CA	Canelones
UY	CL	Cerro Largo
UY	CO	Colonia
UY	DU	Durazno
UY	FD	Florida
UY	FS	Flores
UY	LA	Lavalleja
UY	MA	Maldonado
UY	MO	Montevideo
UY	PA	Paysandú
UY	RN	Río Negro
UY	RO	Rocha
UY	RV	Rivera
UY	SA	Salto
UY	SJ	San José
UY	SO	Soriano
UY	TA	Tacuarembó
UY	TT	Treinta y Tres
UZ	AN	Andijon
UZ	BU	Buxoro
UZ	FA	Farg‘ona
UZ	JI	Jizzax
UZ	NG	Namangan
UZ	NW	Navoiy
UZ	QA	Qashqadaryo
UZ	QR	Qoraqalpog‘iston Respublikasi
UZ	SA	Samarqand
UZ	SI	Sirdaryo
UZ	SU	Surxondaryo
UZ	TK	Toshkent
UZ	TO	Toshkent
UZ	XO	Xorazm
VE	A	Distrito Federal
VE	B	Anzoátegui
VE	C	Apure
VE	D	Aragua
VE	E	Barinas
VE	F	Bolívar
VE	G	Carabobo
VE	H	Cojedes
VE	I	Falcón
VE	J	Guárico
VE	K	Lara
VE	L	Mérida
VE	M	Miranda
VE	N	Monagas
VE	O	Nueva Esparta
VE	P	Portuguesa
VE	R	Sucre
VE	S	Táchira
VE	T	Trujillo
VE	U	Yaracuy
VE	V	Zulia
VE	W	Dependencias Federales
VE	X	Vargas
VE	Y	Delta Amacuro
VE	Z	Amazonas
VN	01	Lai Chau
VN	02	Lao Cai
VN	03	Ha Giang
VN	04	Cao Bang
VN	05	Son La
VN	06	Yen Bai
VN	07	Tuyen Quang
VN	09	Lang Son
VN	13	Quang Ninh
VN	14	Hoa Binh
VN	15	Ha Tay
VN	18	Ninh Binh
VN	20	Thai Binh
VN	21	Thanh Hoa
VN	22	Nghe An
VN	23	Ha Tinh
VN	24	Quang Binh
VN	25	Quang Tri
VN	26	Thua Thien-Hue
VN	27	Quang Nam
VN	28	Kon Tum
VN	29	Quang Ngai
VN	30	Gia Lai
VN	31	Binh Dinh
VN	32	Phu Yen
VN	33	Dac Lac
VN	34	Khanh Hoa
VN	35	Lam Dong
VN	36	Ninh Thuan
VN	37	Tay Ninh
VN	39	Dong Nai
VN	40	Binh Thuan
VN	41	Long An
VN	43	Ba Ria - Vung Tau
VN	44	An Giang
VN	45	Dong Thap
VN	46	Tien Giang
VN	47	Kien Giang
VN	48	Can Tho
VN	49	Vinh Long
VN	50	Ben Tre
VN	51	Tra Vinh
VN	52	Soc Trang
VN	53	Bac Can
VN	54	Bac Giang
VN	55	Bac Lieu
VN	56	Bac Ninh
VN	57	Binh Duong
VN	58	Binh Phuoc
VN	59	Ca Mau
VN	60	Da Nang, thanh pho
VN	61	Hai Duong
VN	62	Hai Phong, thanh pho
VN	63	Ha Nam
VN	64	Ha Noi, thu do
VN	65	Ho Chi Minh, thanh pho [Sai Gon]
VN	66	Hung Yen
VN	67	Nam Dinh
VN	68	Phu Tho
VN	69	Thai Nguyen
VN	70	Vinh Phuc
VU	MAP	Malampa
VU	PAM	Pénama
VU	SAM	Sanma
VU	SEE	Shéfa
VU	TAE	Taféa
VU	TOB	Torba
WS	AA	A'ana
WS	AL	Aiga-i-le-Tai
WS	AT	Atua
WS	FA	Fa'asaleleaga
WS	GE	Gaga'emauga
WS	GI	Gagaifomauga
WS	PA	Palauli
WS	SA	Satupa'itea
WS	TU	Tuamasaga
WS	VF	Va'a-o-Fonoti
WS	VS	Vaisigano
YE	AB	Abyān
YE	AD	'Adan
YE	AM	'Amrān
YE	BA	Al Bayḑā'
YE	DA	Aḑ Ḑāli'
YE	DH	Dhamār
YE	HD	Ḩaḑramawt
YE	HJ	Ḩajjah
YE	HU	Al Ḩudaydah
YE	IB	Ibb
YE	JA	Al Jawf
YE	LA	Laḩij
YE	MA	Ma'rib
YE	MR	Al Mahrah
YE	MW	Al Maḩwīt
YE	SD	Şāʻdah
YE	SH	Shabwah
YE	SN	Şanʻā'
YE	TA	Tāʻizz
ZA	EC	Eastern Cape
ZA	FS	Free State
ZA	GT	Gauteng
ZA	LP	Limpopo
ZA	MP	Mpumalanga
ZA	NC	Northern Cape
ZA	NL	Kwazulu-Natal
ZA	NW	North-West
ZA	WC	Western Cape
ZM	01	Western
ZM	02	Central
ZM	03	Eastern
ZM	04	Luapula
ZM	05	Northern
ZM	06	North-Western
ZM	07	Southern
ZM	08	Copperbelt
ZM	09	Lusaka
ZW	BU	Bulawayo
ZW	HA	Harare
ZW	MA	Manicaland
ZW	MC	Mashonaland Central
ZW	ME	Mashonaland East
ZW	MI	Midlands
ZW	MN	Matabeleland North
ZW	MS	Matabeleland South
ZW	MV	Masvingo
ZW	MW	Mashonaland West
